,date,total_rides
0,03/01/2020,624695
1,03/02/2020,1451746
2,03/03/2020,1536417
3,03/04/2020,1514612
4,03/05/2020,1501992
5,03/06/2020,1422094
6,03/07/2020,822202
7,03/08/2020,612868
8,03/09/2020,1383615
9,03/10/2020,1466021
10,03/11/2020,1428349
11,03/12/2020,1339310
12,03/13/2020,1171068
13,03/14/2020,583766
14,03/15/2020,423166
15,03/16/2020,778023
16,03/17/2020,607385
17,03/18/2020,499558
18,03/19/2020,468514
19,03/20/2020,456679
20,03/21/2020,272101
21,03/22/2020,173772
22,03/23/2020,316113
23,03/24/2020,325631
24,03/25/2020,336327
25,03/26/2020,312606
26,03/27/2020,323429
27,03/28/2020,213133
28,03/29/2020,168924
29,03/30/2020,305758
30,03/31/2020,295246
31,04/01/2020,335545
32,04/02/2020,309405
33,04/03/2020,341543
34,04/04/2020,220029
35,04/05/2020,171874
36,04/06/2020,289037
37,04/07/2020,293453
38,04/08/2020,286683
39,04/09/2020,276623
40,04/10/2020,288542
41,04/11/2020,221551
42,04/12/2020,164150
43,04/13/2020,278753
44,04/14/2020,275893
45,04/15/2020,278389
46,04/16/2020,293626
47,04/17/2020,283215
48,04/18/2020,234234
49,04/19/2020,183051
50,04/20/2020,304955
51,04/21/2020,297006
52,04/22/2020,290902
53,04/23/2020,292049
54,04/24/2020,304464
55,04/25/2020,207943
56,04/26/2020,192373
57,04/27/2020,308733
58,04/28/2020,309115
59,04/29/2020,280395
60,04/30/2020,304731
61,05/01/2020,361839
62,05/02/2020,269759
63,05/03/2020,204951
64,05/04/2020,324666
65,05/05/2020,302370
66,05/06/2020,330960
67,05/07/2020,331538
68,05/08/2020,324509
69,05/09/2020,266279
70,05/10/2020,177820
71,05/11/2020,314171
72,05/12/2020,326155
73,05/13/2020,342698
74,05/14/2020,288046
75,05/15/2020,343602
76,05/16/2020,264577
77,05/17/2020,160149
78,05/18/2020,323390
79,05/19/2020,308164
80,05/20/2020,339512
81,05/21/2020,329500
82,05/22/2020,342330
83,05/23/2020,257872
84,05/24/2020,224376
85,05/25/2020,222960
86,05/26/2020,345698
87,05/27/2020,345231
88,05/28/2020,337254
89,05/29/2020,357652
90,05/30/2020,279852
91,05/31/2020,110047
92,06/01/2020,174448
93,06/02/2020,185958
94,06/03/2020,275925
95,06/04/2020,320195
96,06/05/2020,342871
97,06/06/2020,254028
98,06/07/2020,196929
99,06/08/2020,364036
100,06/09/2020,343871
101,06/10/2020,360208
102,06/11/2020,393306
103,06/12/2020,389707
104,06/13/2020,288113
105,06/14/2020,231683
106,06/15/2020,406473
107,06/16/2020,416447
108,06/17/2020,424178
109,06/18/2020,424534
110,06/19/2020,428664
111,06/20/2020,303254
112,06/21/2020,236797
113,06/22/2020,375146
114,06/23/2020,430780
115,06/24/2020,419695
116,06/25/2020,443810
117,06/26/2020,405642
118,06/27/2020,339450
119,06/28/2020,258659
120,06/29/2020,412674
121,06/30/2020,439345
122,07/01/2020,476667
123,07/02/2020,469930
124,07/03/2020,400019
125,07/04/2020,282979
126,07/05/2020,251975
127,07/06/2020,444371
128,07/07/2020,447818
129,07/08/2020,451737
130,07/09/2020,451231
131,07/10/2020,467755
132,07/11/2020,345793
133,07/12/2020,265143
134,07/13/2020,458817
135,07/14/2020,465137
136,07/15/2020,443442
137,07/16/2020,461200
138,07/17/2020,477217
139,07/18/2020,328766
140,07/19/2020,229175
141,07/20/2020,456665
142,07/21/2020,446291
143,07/22/2020,459281
144,07/23/2020,472371
145,07/24/2020,479293
146,07/25/2020,345023
147,07/26/2020,253401
148,07/27/2020,439747
149,07/28/2020,468120
150,07/29/2020,457611
151,07/30/2020,463888
152,07/31/2020,502625
153,08/01/2020,353358
154,08/02/2020,258735
155,08/03/2020,476580
156,08/04/2020,483887
157,08/05/2020,476716
158,08/06/2020,480360
159,08/07/2020,490993
160,08/08/2020,351399
161,08/09/2020,268912
162,08/10/2020,347314
163,08/11/2020,447590
164,08/12/2020,460419
165,08/13/2020,464858
166,08/14/2020,470964
167,08/15/2020,322791
168,08/16/2020,262091
169,08/17/2020,452115
170,08/18/2020,468444
171,08/19/2020,476488
172,08/20/2020,478042
173,08/21/2020,487667
174,08/22/2020,349358
175,08/23/2020,260860
176,08/24/2020,448045
177,08/25/2020,462740
178,08/26/2020,470301
179,08/27/2020,467173
180,08/28/2020,477602
181,08/29/2020,348750
182,08/30/2020,268189
183,08/31/2020,468752
184,09/01/2020,477298
185,09/02/2020,503014
186,09/03/2020,519924
187,09/04/2020,516173
188,09/05/2020,373747
189,09/06/2020,259284
190,09/07/2020,294383
191,09/08/2020,440412
192,09/09/2020,481333
193,09/10/2020,488623
194,09/11/2020,496458
195,09/12/2020,331365
196,09/13/2020,288043
197,09/14/2020,473987
198,09/15/2020,490337
199,09/16/2020,494967
200,09/17/2020,494158
201,09/18/2020,508360
202,09/19/2020,375371
203,09/20/2020,277287
204,09/21/2020,473248
205,09/22/2020,491406
206,09/23/2020,495823
207,09/24/2020,491267
208,09/25/2020,519059
209,09/26/2020,376074
210,09/27/2020,279251
211,09/28/2020,458854
212,09/29/2020,490936
213,09/30/2020,489491
214,10/01/2020,510298
215,10/02/2020,532077
216,10/03/2020,375693
217,10/04/2020,280341
218,10/05/2020,490759
219,10/06/2020,500930
220,10/07/2020,505352
221,10/08/2020,508834
222,10/09/2020,519386
223,10/10/2020,386704
224,10/11/2020,284438
225,10/12/2020,417560
226,10/13/2020,505143
227,10/14/2020,507330
228,10/15/2020,496312
229,10/16/2020,503051
230,10/17/2020,365801
231,10/18/2020,242723
232,10/19/2020,458848
233,10/20/2020,473902
234,10/21/2020,489128
235,10/22/2020,486836
236,10/23/2020,455246
237,10/24/2020,371359
238,10/25/2020,255538
239,10/26/2020,449442
240,10/27/2020,458073
241,10/28/2020,484376
242,10/29/2020,469702
243,10/30/2020,507004
244,10/31/2020,344965
245,11/01/2020,235830
246,11/02/2020,455842
247,11/03/2020,467464
248,11/04/2020,458051
249,11/05/2020,470270
250,11/06/2020,486006
251,11/07/2020,353127
252,11/08/2020,260737
253,11/09/2020,465224
254,11/10/2020,451505
255,11/11/2020,433957
256,11/12/2020,463993
257,11/13/2020,464889
258,11/14/2020,311191
259,11/15/2020,212053
260,11/16/2020,422951
261,11/17/2020,420728
262,11/18/2020,428576
263,11/19/2020,440834
264,11/20/2020,446904
265,11/21/2020,307051
266,11/22/2020,221488
267,11/23/2020,422000
268,11/24/2020,399619
269,11/25/2020,399491
270,11/26/2020,176309
271,11/27/2020,328570
272,11/28/2020,296001
273,11/29/2020,221958
274,11/30/2020,386227
275,12/01/2020,429270
276,12/02/2020,427528
277,12/03/2020,443437
278,12/04/2020,441508
279,12/05/2020,307377
280,12/06/2020,218421
281,12/07/2020,405900
282,12/08/2020,414284
283,12/09/2020,437089
284,12/10/2020,441827
285,12/11/2020,416113
286,12/12/2020,274066
287,12/13/2020,228724
288,12/14/2020,404977
289,12/15/2020,410195
290,12/16/2020,407797
291,12/17/2020,413166
292,12/18/2020,429409
293,12/19/2020,303376
294,12/20/2020,237868
295,12/21/2020,418588
296,12/22/2020,430051
297,12/23/2020,421462
298,12/24/2020,293789
299,12/25/2020,121644
300,12/26/2020,252087
301,12/27/2020,211713
302,12/28/2020,384869
303,12/29/2020,381995
304,12/30/2020,370666
305,12/31/2020,369125
306,01/01/2021,176192
307,01/02/2021,277911
308,01/03/2021,212831
309,01/04/2021,414986
310,01/05/2021,416238
311,01/06/2021,414386
312,01/07/2021,405432
313,01/08/2021,410008
314,01/09/2021,306465
315,01/10/2021,217279
316,01/11/2021,391970
317,01/12/2021,414748
318,01/13/2021,422536
319,01/14/2021,413381
320,01/15/2021,417916
321,01/16/2021,289833
322,01/17/2021,216493
323,01/18/2021,340835
324,01/19/2021,407724
325,01/20/2021,388951
326,01/21/2021,431984
327,01/22/2021,403328
328,01/23/2021,287491
329,01/24/2021,213534
330,01/25/2021,401400
331,01/26/2021,361570
332,01/27/2021,401180
333,01/28/2021,405411
334,01/29/2021,433878
335,01/30/2021,294386
336,01/31/2021,195366
337,02/01/2021,430722
338,02/02/2021,434419
339,02/03/2021,467975
340,02/04/2021,426108
341,02/05/2021,389982
342,02/06/2021,250502
343,02/07/2021,175096
344,02/08/2021,371897
345,02/09/2021,397836
346,02/10/2021,408481
347,02/11/2021,416056
348,02/12/2021,430028
349,02/13/2021,292287
350,02/14/2021,194673
351,02/15/2021,315170
352,02/16/2021,321027
353,02/17/2021,428758
354,02/18/2021,438418
355,02/19/2021,444684
356,02/20/2021,304168
357,02/21/2021,227327
358,02/22/2021,426904
359,02/23/2021,465842
360,02/24/2021,464093
361,02/25/2021,458171
362,02/26/2021,473782
363,02/27/2021,359678
364,02/28/2021,245208
365,03/01/2021,458932
366,03/02/2021,465138
367,03/03/2021,496976
368,03/04/2021,469191
369,03/05/2021,485400
370,03/06/2021,353741
371,03/07/2021,268977
372,03/08/2021,476779
373,03/09/2021,492208
374,03/10/2021,473810
375,03/11/2021,483178
376,03/12/2021,495675
377,03/13/2021,395742
378,03/14/2021,260686
379,03/15/2021,410808
380,03/16/2021,458754
381,03/17/2021,475863
382,03/18/2021,454335
383,03/19/2021,508772
384,03/20/2021,387769
385,03/21/2021,299091
386,03/22/2021,483957
387,03/23/2021,463511
388,03/24/2021,489351
389,03/25/2021,484468
390,03/26/2021,496641
391,03/27/2021,373645
392,03/28/2021,272716
393,03/29/2021,481699
394,03/30/2021,494806
395,03/31/2021,482476
396,04/01/2021,508681
397,04/02/2021,509746
398,04/03/2021,409566
399,04/04/2021,283619
400,04/05/2021,479830
401,04/06/2021,520459
402,04/07/2021,521581
403,04/08/2021,473709
404,04/09/2021,517527
405,04/10/2021,342807
406,04/11/2021,283444
407,04/12/2021,496482
408,04/13/2021,514332
409,04/14/2021,494527
410,04/15/2021,501056
411,04/16/2021,533230
412,04/17/2021,392473
413,04/18/2021,289845
414,04/19/2021,473015
415,04/20/2021,480079
416,04/21/2021,487030
417,04/22/2021,524496
418,04/23/2021,545691
419,04/24/2021,384074
420,04/25/2021,288608
421,04/26/2021,513411
422,04/27/2021,546100
423,04/28/2021,476258
424,04/29/2021,511505
425,04/30/2021,565495
426,05/01/2021,436644
427,05/02/2021,322131
428,05/03/2021,508787
429,05/04/2021,514161
430,05/05/2021,540442
431,05/06/2021,509998
432,05/07/2021,563205
433,05/08/2021,416954
434,05/09/2021,267180
435,05/10/2021,493719
436,05/11/2021,528112
437,05/12/2021,531064
438,05/13/2021,553503
439,05/14/2021,576780
440,05/15/2021,401510
441,05/16/2021,333349
442,05/17/2021,523353
443,05/18/2021,533572
444,05/19/2021,530392
445,05/20/2021,565636
446,05/21/2021,579997
447,05/22/2021,453190
448,05/23/2021,314450
449,05/24/2021,534814
450,05/25/2021,551050
451,05/26/2021,557789
452,05/27/2021,543673
453,05/28/2021,530750
454,05/29/2021,475763
455,05/30/2021,387682
456,05/31/2021,342781
457,06/01/2021,570853
458,06/02/2021,579447
459,06/03/2021,613559
460,06/04/2021,618929
461,06/05/2021,477159
462,06/06/2021,352818
463,06/07/2021,546749
464,06/08/2021,589695
465,06/09/2021,599377
466,06/10/2021,621239
467,06/11/2021,646958
468,06/12/2021,489409
469,06/13/2021,403974
470,06/14/2021,589644
471,06/15/2021,611403
472,06/16/2021,617147
473,06/17/2021,620086
474,06/18/2021,635626
475,06/19/2021,515000
476,06/20/2021,352900
477,06/21/2021,587480
478,06/22/2021,632595
479,06/23/2021,602540
480,06/24/2021,585626
481,06/25/2021,595757
482,06/26/2021,423469
483,06/27/2021,396785
484,06/28/2021,556342
485,06/29/2021,576135
486,06/30/2021,594600
487,07/01/2021,655570
488,07/02/2021,644141
489,07/03/2021,507571
490,07/04/2021,382256
491,07/05/2021,416226
492,07/06/2021,633526
493,07/07/2021,633397
494,07/08/2021,652397
495,07/09/2021,692787
496,07/10/2021,514515
497,07/11/2021,355273
498,07/12/2021,600978
499,07/13/2021,625805
500,07/14/2021,658276
501,07/15/2021,635423
502,07/16/2021,660079
503,07/17/2021,541780
504,07/18/2021,417565
505,07/19/2021,625953
506,07/20/2021,655049
507,07/21/2021,666671
508,07/22/2021,666423
509,07/23/2021,685158
510,07/24/2021,530941
511,07/25/2021,420444
512,07/26/2021,633502
513,07/27/2021,666376
514,07/28/2021,688817
515,07/29/2021,756857
516,07/30/2021,765313
517,07/31/2021,603531
518,08/01/2021,467565
519,08/02/2021,634395
520,08/03/2021,675416
521,08/04/2021,673134
522,08/05/2021,684964
523,08/06/2021,701830
524,08/07/2021,576592
525,08/08/2021,410997
526,08/09/2021,575067
527,08/10/2021,637315
528,08/11/2021,622926
529,08/12/2021,661821
530,08/13/2021,673649
531,08/14/2021,547055
532,08/15/2021,426829
533,08/16/2021,618572
534,08/17/2021,644414
535,08/18/2021,652995
536,08/19/2021,664920
537,08/20/2021,697684
538,08/21/2021,530910
539,08/22/2021,433663
540,08/23/2021,653156
541,08/24/2021,642389
542,08/25/2021,677294
543,08/26/2021,705056
544,08/27/2021,713692
545,08/28/2021,523217
546,08/29/2021,395523
547,08/30/2021,735440
548,08/31/2021,752396
549,09/01/2021,786855
550,09/02/2021,783462
551,09/03/2021,793784
552,09/04/2021,538601
553,09/05/2021,471086
554,09/06/2021,421531
555,09/07/2021,737792
556,09/08/2021,800202
557,09/09/2021,798224
558,09/10/2021,825188
559,09/11/2021,569030
560,09/12/2021,422909
561,09/13/2021,747081
562,09/14/2021,780777
563,09/15/2021,801918
564,09/16/2021,832749
565,09/17/2021,846885
566,09/18/2021,593149
567,09/19/2021,442578
568,09/20/2021,742199
569,09/21/2021,771541
570,09/22/2021,773405
571,09/23/2021,791811
572,09/24/2021,829102
573,09/25/2021,597442
574,09/26/2021,410338
575,09/27/2021,756666
576,09/28/2021,790121
577,09/29/2021,794320
578,09/30/2021,796270
579,10/01/2021,829499
580,10/02/2021,531967
581,10/03/2021,397884
582,10/04/2021,750825
583,10/05/2021,787010
584,10/06/2021,792160
585,10/07/2021,771505
586,10/08/2021,809903
587,10/09/2021,583425
588,10/10/2021,506982
589,10/11/2021,604747
590,10/12/2021,807249
591,10/13/2021,780571
592,10/14/2021,803451
593,10/15/2021,794472
594,10/16/2021,567907
595,10/17/2021,416315
596,10/18/2021,750904
597,10/19/2021,790465
598,10/20/2021,794609
599,10/21/2021,779418
600,10/22/2021,774976
601,10/23/2021,533292
602,10/24/2021,316416
603,10/25/2021,654345
604,10/26/2021,797971
605,10/27/2021,802905
606,10/28/2021,776307
607,10/29/2021,715693
608,10/30/2021,525069
609,10/31/2021,386661
610,11/01/2021,753933
611,11/02/2021,783030
612,11/03/2021,808799
613,11/04/2021,797070
614,11/05/2021,716689
615,11/06/2021,514680
616,11/07/2021,388931
617,11/08/2021,763790
618,11/09/2021,790124
619,11/10/2021,807188
620,11/11/2021,636519
621,11/12/2021,684176
622,11/13/2021,485237
623,11/14/2021,344976
624,11/15/2021,720657
625,11/16/2021,784981
626,11/17/2021,747933
627,11/18/2021,728169
628,11/19/2021,780449
629,11/20/2021,547791
630,11/21/2021,393554
631,11/22/2021,716231
632,11/23/2021,737838
633,11/24/2021,617143
634,11/25/2021,239788
635,11/26/2021,447394
636,11/27/2021,424904
637,11/28/2021,332647
638,11/29/2021,697412
639,11/30/2021,752579
640,12/01/2021,773688
641,12/02/2021,790583
642,12/03/2021,780573
643,12/04/2021,519873
644,12/05/2021,326362
645,12/06/2021,698222
646,12/07/2021,699173
647,12/08/2021,740540
648,12/09/2021,752245
649,12/10/2021,722722
650,12/11/2021,475463
651,12/12/2021,365669
652,12/13/2021,697670
653,12/14/2021,737234
654,12/15/2021,741191
655,12/16/2021,722250
656,12/17/2021,687475
657,12/18/2021,440116
658,12/19/2021,344227
659,12/20/2021,581951
660,12/21/2021,568685
661,12/22/2021,523693
662,12/23/2021,504753
663,12/24/2021,334291
664,12/25/2021,165197
665,12/26/2021,266627
666,12/27/2021,447549
667,12/28/2021,441438
668,12/29/2021,486158
669,12/30/2021,489875
670,12/31/2021,390632
671,01/01/2022,232054
672,01/02/2022,255170
673,01/03/2022,493620
674,01/04/2022,546126
675,01/05/2022,438857
676,01/06/2022,432448
677,01/07/2022,418258
678,01/08/2022,324413
679,01/09/2022,241743
680,01/10/2022,449749
681,01/11/2022,490178
682,01/12/2022,578558
683,01/13/2022,582743
684,01/14/2022,579403
685,01/15/2022,355332
686,01/16/2022,275342
687,01/17/2022,408103
688,01/18/2022,634302
689,01/19/2022,609528
690,01/20/2022,570671
691,01/21/2022,588672
692,01/22/2022,367067
693,01/23/2022,262799
694,01/24/2022,587662
695,01/25/2022,586267
696,01/26/2022,529201
697,01/27/2022,643500
698,01/28/2022,540286
699,01/29/2022,377234
700,01/30/2022,278928
701,01/31/2022,658502
702,02/01/2022,712041
703,02/02/2022,441936
704,02/03/2022,574029
705,02/04/2022,655365
706,02/05/2022,392605
707,02/06/2022,305022
708,02/07/2022,663635
709,02/08/2022,711398
710,02/09/2022,716830
711,02/10/2022,710359
712,02/11/2022,682862
713,02/12/2022,414086
714,02/13/2022,309010
715,02/14/2022,661195
716,02/15/2022,717419
717,02/16/2022,722563
718,02/17/2022,625237
719,02/18/2022,652777
720,02/19/2022,408181
721,02/20/2022,340503
722,02/21/2022,549742
723,02/22/2022,678554
724,02/23/2022,723208
725,02/24/2022,707797
726,02/25/2022,690169
727,02/26/2022,450718
728,02/27/2022,337355
729,02/28/2022,709702
730,03/01/2022,769498
731,03/02/2022,766318
732,03/03/2022,752249
733,03/04/2022,726139
734,03/05/2022,512995
735,03/06/2022,336276
736,03/07/2022,660975
737,03/08/2022,768072
738,03/09/2022,777320
739,03/10/2022,755156
740,03/11/2022,717240
741,03/12/2022,535398
742,03/13/2022,369700
743,03/14/2022,742726
744,03/15/2022,785824
745,03/16/2022,813420
746,03/17/2022,800001
747,03/18/2022,697279
748,03/19/2022,454681
749,03/20/2022,403877
750,03/21/2022,745529
751,03/22/2022,723719
752,03/23/2022,696581
753,03/24/2022,732076
754,03/25/2022,722398
755,03/26/2022,433224
756,03/27/2022,341082
757,03/28/2022,726429
758,03/29/2022,769559
759,03/30/2022,725315
760,03/31/2022,760542
761,04/01/2022,799513
762,04/02/2022,458427
763,04/03/2022,372776
764,04/04/2022,748471
765,04/05/2022,808939
766,04/06/2022,798326
767,04/07/2022,815641
768,04/08/2022,699337
769,04/09/2022,515695
770,04/10/2022,406249
771,04/11/2022,664583
772,04/12/2022,749486
773,04/13/2022,666511
774,04/14/2022,724726
775,04/15/2022,644215
776,04/16/2022,490488
777,04/17/2022,323575
778,04/18/2022,695701
779,04/19/2022,786168
780,04/20/2022,776620
781,04/21/2022,794918
782,04/22/2022,709463
783,04/23/2022,590891
784,04/24/2022,355206
785,04/25/2022,748466
786,04/26/2022,799795
787,04/27/2022,798846
788,04/28/2022,790775
789,04/29/2022,796940
790,04/30/2022,469133
791,05/01/2022,376871
792,05/02/2022,744968
793,05/03/2022,731277
794,05/04/2022,844662
795,05/05/2022,793785
796,05/06/2022,728087
797,05/07/2022,571442
798,05/08/2022,372108
799,05/09/2022,752782
800,05/10/2022,822502
801,05/11/2022,814350
802,05/12/2022,820984
803,05/13/2022,802880
804,05/14/2022,552405
805,05/15/2022,382913
806,05/16/2022,765480
807,05/17/2022,816709
808,05/18/2022,775572
809,05/19/2022,837918
810,05/20/2022,779205
811,05/21/2022,477735
812,05/22/2022,414758
813,05/23/2022,754416
814,05/24/2022,820361
815,05/25/2022,781663
816,05/26/2022,799922
817,05/27/2022,735290
818,05/28/2022,579761
819,05/29/2022,485992
820,05/30/2022,446286
821,05/31/2022,794926
822,06/01/2022,843690
823,06/02/2022,847944
824,06/03/2022,848796
825,06/04/2022,560908
826,06/05/2022,447260
827,06/06/2022,729832
828,06/07/2022,841719
829,06/08/2022,783073
830,06/09/2022,847776
831,06/10/2022,778398
832,06/11/2022,576420
833,06/12/2022,417935
834,06/13/2022,740303
835,06/14/2022,812977
836,06/15/2022,774390
837,06/16/2022,793443
838,06/17/2022,795020
839,06/18/2022,624031
840,06/19/2022,453214
841,06/20/2022,623655
842,06/21/2022,748688
843,06/22/2022,780353
844,06/23/2022,788251
845,06/24/2022,782974
846,06/25/2022,536269
847,06/26/2022,530106
848,06/27/2022,714953
849,06/28/2022,793924
850,06/29/2022,798610
851,06/30/2022,788609
852,07/01/2022,746184
853,07/02/2022,586951
854,07/03/2022,455892
855,07/04/2022,359758
856,07/05/2022,684511
857,07/06/2022,753588
858,07/07/2022,775300
859,07/08/2022,737898
860,07/09/2022,602761
861,07/10/2022,437330
862,07/11/2022,700657
863,07/12/2022,812185
864,07/13/2022,820166
865,07/14/2022,824199
866,07/15/2022,692912
867,07/16/2022,601770
868,07/17/2022,421259
869,07/18/2022,732028
870,07/19/2022,788959
871,07/20/2022,793644
872,07/21/2022,788361
873,07/22/2022,750407
874,07/23/2022,540687
875,07/24/2022,412184
876,07/25/2022,738399
877,07/26/2022,813311
878,07/27/2022,786326
879,07/28/2022,829245
880,07/29/2022,809653
881,07/30/2022,631440
882,07/31/2022,477088
883,08/01/2022,738724
884,08/02/2022,787627
885,08/03/2022,752007
886,08/04/2022,791127
887,08/05/2022,802946
888,08/06/2022,583076
889,08/07/2022,395386
890,08/08/2022,667621
891,08/09/2022,806854
892,08/10/2022,801563
893,08/11/2022,782673
894,08/12/2022,750912
895,08/13/2022,549199
896,08/14/2022,403837
897,08/15/2022,735385
898,08/16/2022,781356
899,08/17/2022,787037
900,08/18/2022,790304
901,08/19/2022,806322
902,08/20/2022,539769
903,08/21/2022,456881
904,08/22/2022,806958
905,08/23/2022,880215
906,08/24/2022,879168
907,08/25/2022,858470
908,08/26/2022,843625
909,08/27/2022,562693
910,08/28/2022,408553
911,08/29/2022,761214
912,08/30/2022,891765
913,08/31/2022,888045
914,09/01/2022,897822
915,09/02/2022,868391
916,09/03/2022,620321
917,09/04/2022,456791
918,09/05/2022,417557
919,09/06/2022,889161
920,09/07/2022,922732
921,09/08/2022,920901
922,09/09/2022,879186
923,09/10/2022,621620
924,09/11/2022,355898
925,09/12/2022,823721
926,09/13/2022,918312
927,09/14/2022,926839
928,09/15/2022,935374
929,09/16/2022,940532
930,09/17/2022,657928
931,09/18/2022,479015
932,09/19/2022,845504
933,09/20/2022,909388
934,09/21/2022,930515
935,09/22/2022,928855
936,09/23/2022,813671
937,09/24/2022,585145
938,09/25/2022,425634
939,09/26/2022,835610
940,09/27/2022,920325
941,09/28/2022,929753
942,09/29/2022,920445
943,09/30/2022,889663
944,10/01/2022,610548
945,10/02/2022,429281
946,10/03/2022,869709
947,10/04/2022,926737
948,10/05/2022,921786
949,10/06/2022,936316
950,10/07/2022,883550
951,10/08/2022,627432
952,10/09/2022,559300
953,10/10/2022,745523
954,10/11/2022,914134
955,10/12/2022,882793
956,10/13/2022,953270
957,10/14/2022,873638
958,10/15/2022,597374
959,10/16/2022,419271
960,10/17/2022,803577
961,10/18/2022,871703
962,10/19/2022,903987
963,10/20/2022,890844
964,10/21/2022,806704
965,10/22/2022,583237
966,10/23/2022,428836
967,10/24/2022,841879
968,10/25/2022,848201
969,10/26/2022,933329
970,10/27/2022,923955
971,10/28/2022,854827
972,10/29/2022,565586
973,10/30/2022,395165
974,10/31/2022,773804
975,11/01/2022,913818
976,11/02/2022,912247
977,11/03/2022,930247
978,11/04/2022,835430
979,11/05/2022,510512
980,11/06/2022,432710
981,11/07/2022,847300
982,11/08/2022,788712
983,11/09/2022,906375
984,11/10/2022,931419
985,11/11/2022,788113
986,11/12/2022,517471
987,11/13/2022,401072
988,11/14/2022,810142
989,11/15/2022,845926
990,11/16/2022,868403
991,11/17/2022,857318
992,11/18/2022,786185
993,11/19/2022,484970
994,11/20/2022,367840
995,11/21/2022,723167
996,11/22/2022,749167
997,11/23/2022,673878
998,11/24/2022,272186
999,11/25/2022,521787
1000,11/26/2022,490004
1001,11/27/2022,336812
1002,11/28/2022,779592
1003,11/29/2022,838562
1004,11/30/2022,813275
1005,12/01/2022,845791
1006,12/02/2022,817935
1007,12/03/2022,538461
1008,12/04/2022,394522
1009,12/05/2022,774326
1010,12/06/2022,835376
1011,12/07/2022,850020
1012,12/08/2022,845415
1013,12/09/2022,744495
1014,12/10/2022,551605
1015,12/11/2022,399190
1016,12/12/2022,771009
1017,12/13/2022,839123
1018,12/14/2022,794836
1019,12/15/2022,837889
1020,12/16/2022,756387
1021,12/17/2022,495234
1022,12/18/2022,374047
1023,12/19/2022,694054
1024,12/20/2022,760008
1025,12/21/2022,742954
1026,12/22/2022,546260
1027,12/23/2022,261890
1028,12/24/2022,244846
1029,12/25/2022,140554
1030,12/26/2022,328373
1031,12/27/2022,517792
1032,12/28/2022,533545
1033,12/29/2022,578445
1034,12/30/2022,607966
1035,12/31/2022,438529
1036,01/01/2023,305265
1037,01/02/2023,419921
1038,01/03/2023,659093
1039,01/04/2023,690930
1040,01/05/2023,676946
1041,01/06/2023,630559
1042,01/07/2023,456563
1043,01/08/2023,354774
1044,01/09/2023,746268
1045,01/10/2023,845384
1046,01/11/2023,842594
1047,01/12/2023,814850
1048,01/13/2023,735402
1049,01/14/2023,490174
1050,01/15/2023,374527
1051,01/16/2023,492201
1052,01/17/2023,841688
1053,01/18/2023,842285
1054,01/19/2023,826521
1055,01/20/2023,754198
1056,01/21/2023,482289
1057,01/22/2023,342347
1058,01/23/2023,776140
1059,01/24/2023,860927
1060,01/25/2023,799724
1061,01/26/2023,834495
1062,01/27/2023,725579
1063,01/28/2023,461337
1064,01/29/2023,344093
1065,01/30/2023,704941
1066,01/31/2023,739237
1067,02/01/2023,821096
1068,02/02/2023,827474
1069,02/03/2023,615077
1070,02/04/2023,484401
1071,02/05/2023,376187
1072,02/06/2023,793736
1073,02/07/2023,861126
1074,02/08/2023,865664
1075,02/09/2023,783567
1076,02/10/2023,769760
1077,02/11/2023,487828
1078,02/12/2023,368935
1079,02/13/2023,776139
1080,02/14/2023,866177
1081,02/15/2023,845013
1082,02/16/2023,775513
1083,02/17/2023,744892
1084,02/18/2023,521089
1085,02/19/2023,409032
1086,02/20/2023,622633
1087,02/21/2023,861321
1088,02/22/2023,765358
1089,02/23/2023,850364
1090,02/24/2023,771621
1091,02/25/2023,513824
1092,02/26/2023,399091
1093,02/27/2023,723042
1094,02/28/2023,866435
1095,03/01/2023,895434
1096,03/02/2023,858414
1097,03/03/2023,727039
1098,03/04/2023,542026
1099,03/05/2023,402294
1100,03/06/2023,773719
1101,03/07/2023,891354
1102,03/08/2023,881367
1103,03/09/2023,850797
1104,03/10/2023,778838
1105,03/11/2023,667880
1106,03/12/2023,375039
1107,03/13/2023,766654
1108,03/14/2023,890822
1109,03/15/2023,903329
1110,03/16/2023,860110
1111,03/17/2023,754616
1112,03/18/2023,483920
1113,03/19/2023,396602
1114,03/20/2023,778652
1115,03/21/2023,858057
1116,03/22/2023,839640
1117,03/23/2023,832081
1118,03/24/2023,781817
1119,03/25/2023,489746
1120,03/26/2023,402391
1121,03/27/2023,813551
1122,03/28/2023,887343
1123,03/29/2023,823622
1124,03/30/2023,905741
1125,03/31/2023,777513
1126,04/01/2023,550502
1127,04/02/2023,452443
1128,04/03/2023,743546
1129,04/04/2023,753448
1130,04/05/2023,774637
1131,04/06/2023,812995
1132,04/07/2023,732579
1133,04/08/2023,577774
1134,04/09/2023,405795
1135,04/10/2023,817184
1136,04/11/2023,927821
1137,04/12/2023,905806
1138,04/13/2023,927516
1139,04/14/2023,872304
1140,04/15/2023,615046
1141,04/16/2023,387571
1142,04/17/2023,768607
1143,04/18/2023,902337
1144,04/19/2023,907370
1145,04/20/2023,910265
1146,04/21/2023,866423
1147,04/22/2023,569627
1148,04/23/2023,420112
1149,04/24/2023,830940
1150,04/25/2023,894924
1151,04/26/2023,927849
1152,04/27/2023,928632
1153,04/28/2023,843574
1154,04/29/2023,555554
1155,04/30/2023,404240
1156,05/01/2023,797978
1157,05/02/2023,902784
1158,05/03/2023,936693
1159,05/04/2023,934223
1160,05/05/2023,886427
1161,05/06/2023,613966
1162,05/07/2023,479683
1163,05/08/2023,795034
1164,05/09/2023,944421
1165,05/10/2023,942488
1166,05/11/2023,918744
1167,05/12/2023,810289
1168,05/13/2023,565322
1169,05/14/2023,389727
1170,05/15/2023,807041
1171,05/16/2023,918093
1172,05/17/2023,910033
1173,05/18/2023,915440
1174,05/19/2023,823441
1175,05/20/2023,595964
1176,05/21/2023,466060
1177,05/22/2023,832900
1178,05/23/2023,944440
1179,05/24/2023,936897
1180,05/25/2023,923108
1181,05/26/2023,854016
1182,05/27/2023,631925
1183,05/28/2023,520542
1184,05/29/2023,479385
1185,05/30/2023,900349
1186,05/31/2023,906580
1187,06/01/2023,937365
1188,06/02/2023,900476
1189,06/03/2023,672560
1190,06/04/2023,516813
1191,06/05/2023,861073
1192,06/06/2023,911317
1193,06/07/2023,926031
1194,06/08/2023,880538
1195,06/09/2023,858084
1196,06/10/2023,699882
1197,06/11/2023,433278
1198,06/12/2023,784994
1199,06/13/2023,825859
1200,06/14/2023,886097
1201,06/15/2023,881406
1202,06/16/2023,815083
1203,06/17/2023,668774
1204,06/18/2023,493809
1205,06/19/2023,646147
1206,06/20/2023,863628
1207,06/21/2023,897176
1208,06/22/2023,888392
1209,06/23/2023,853348
1210,06/24/2023,668200
1211,06/25/2023,553943
1212,06/26/2023,769007
1213,06/27/2023,892483
1214,06/28/2023,888765
1215,06/29/2023,864266
1216,06/30/2023,851956
1217,07/01/2023,646480
1218,07/02/2023,362557
1219,07/03/2023,738116
1220,07/04/2023,477533
1221,07/05/2023,772673
1222,07/06/2023,870485
1223,07/07/2023,826866
1224,07/08/2023,612201
1225,07/09/2023,486649
1226,07/10/2023,816423
1227,07/11/2023,856016
1228,07/12/2023,797225
1229,07/13/2023,900426
1230,07/14/2023,850250
1231,07/15/2023,647282
1232,07/16/2023,515658
1233,07/17/2023,829935
1234,07/18/2023,910835
1235,07/19/2023,917791
1236,07/20/2023,916683
1237,07/21/2023,874513
1238,07/22/2023,673837
1239,07/23/2023,535466
1240,07/24/2023,813002
1241,07/25/2023,891908
1242,07/26/2023,849628
1243,07/27/2023,887744
1244,07/28/2023,781359
1245,07/29/2023,651265
1246,07/30/2023,505432
1247,07/31/2023,803219
1248,08/01/2023,917972
1249,08/02/2023,942941
1250,08/03/2023,1002159
1251,08/04/2023,949360
1252,08/05/2023,684776
1253,08/06/2023,563060
1254,08/07/2023,814092
1255,08/08/2023,897740
1256,08/09/2023,896333
1257,08/10/2023,889888
1258,08/11/2023,842457
1259,08/12/2023,685554
1260,08/13/2023,504303
1261,08/14/2023,699424
1262,08/15/2023,882530
1263,08/16/2023,908678
1264,08/17/2023,850583
1265,08/18/2023,857280
1266,08/19/2023,684794
1267,08/20/2023,535503
1268,08/21/2023,895168
1269,08/22/2023,954794
1270,08/23/2023,896874
1271,08/24/2023,866805
1272,08/25/2023,928331
1273,08/26/2023,635127
1274,08/27/2023,508516
1275,08/28/2023,938370
1276,08/29/2023,1004460
1277,08/30/2023,1009981
1278,08/31/2023,992459
1279,09/01/2023,972486
1280,09/02/2023,675757
1281,09/03/2023,558282
1282,09/04/2023,513517
1283,09/05/2023,995210
1284,09/06/2023,1003688
1285,09/07/2023,1040143
1286,09/08/2023,952545
1287,09/09/2023,708625
1288,09/10/2023,545114
1289,09/11/2023,861187
1290,09/12/2023,1035645
1291,09/13/2023,1025053
1292,09/14/2023,1024759
1293,09/15/2023,998884
1294,09/16/2023,692914
1295,09/17/2023,471761
1296,09/18/2023,942841
1297,09/19/2023,988316
1298,09/20/2023,1046433
1299,09/21/2023,1031136
1300,09/22/2023,926655
1301,09/23/2023,694588
1302,09/24/2023,524914
1303,09/25/2023,923202
1304,09/26/2023,981791
1305,09/27/2023,1011016
1306,09/28/2023,1035297
1307,09/29/2023,979222
1308,09/30/2023,692379
1309,10/01/2023,533321
1310,10/02/2023,954964
1311,10/03/2023,1053955
1312,10/04/2023,1056410
1313,10/05/2023,1032644
1314,10/06/2023,987806
1315,10/07/2023,721124
1316,10/08/2023,656406
1317,10/09/2023,819234
1318,10/10/2023,1044594
1319,10/11/2023,1040613
1320,10/12/2023,1001685
1321,10/13/2023,893448
1322,10/14/2023,604944
1323,10/15/2023,516521
1324,10/16/2023,926491
1325,10/17/2023,1027497
1326,10/18/2023,1034448
1327,10/19/2023,1013562
1328,10/20/2023,958233
1329,10/21/2023,674086
1330,10/22/2023,508746
1331,10/23/2023,934718
1332,10/24/2023,1033640
1333,10/25/2023,997522
1334,10/26/2023,947619
1335,10/27/2023,876844
1336,10/28/2023,635490
1337,10/29/2023,436296
1338,10/30/2023,919293
1339,10/31/2023,910179
1340,11/01/2023,986420
1341,11/02/2023,998874
1342,11/03/2023,937355
1343,11/04/2023,681926
1344,11/05/2023,497103
1345,11/06/2023,944143
1346,11/07/2023,1012867
1347,11/08/2023,1000411
1348,11/09/2023,1042184
1349,11/10/2023,813113
1350,11/11/2023,620955
1351,11/12/2023,489286
1352,11/13/2023,928831
1353,11/14/2023,1005137
1354,11/15/2023,1010218
1355,11/16/2023,996164
1356,11/17/2023,963451
1357,11/18/2023,663908
1358,11/19/2023,479777
1359,11/20/2023,806125
1360,11/21/2023,804934
1361,11/22/2023,742075
1362,11/23/2023,316257
1363,11/24/2023,550356
1364,11/25/2023,523339
1365,11/26/2023,380232
1366,11/27/2023,831721
1367,11/28/2023,891553
1368,11/29/2023,940544
1369,11/30/2023,956197
1370,12/01/2023,853271
1371,12/02/2023,619375
1372,12/03/2023,441790
1373,12/04/2023,875583
1374,12/05/2023,941065
1375,12/06/2023,962534
1376,12/07/2023,984807
1377,12/08/2023,934270
1378,12/09/2023,652530
1379,12/10/2023,460520
1380,12/11/2023,843720
1381,12/12/2023,935068
1382,12/13/2023,938357
1383,12/14/2023,943683
1384,12/15/2023,887376
1385,12/16/2023,552750
1386,12/17/2023,456220
1387,12/18/2023,805485
1388,12/19/2023,870217
1389,12/20/2023,884471
1390,12/21/2023,844760
1391,12/22/2023,686021
1392,12/23/2023,548333
1393,12/24/2023,388970
1394,12/25/2023,225639
1395,12/26/2023,569123
1396,12/27/2023,655283
1397,12/28/2023,646252
1398,12/29/2023,677432
1399,12/30/2023,553108
1400,12/31/2023,437348
1401,01/01/2024,358731
1402,01/02/2024,695600
1403,01/03/2024,758650
1404,01/04/2024,777714
1405,01/05/2024,726385
1406,01/06/2024,505855
1407,01/07/2024,401345
1408,01/08/2024,844015
1409,01/09/2024,808690
1410,01/10/2024,918328
1411,01/11/2024,930833
1412,01/12/2024,607596
1413,01/13/2024,469861
1414,01/14/2024,239781
1415,01/15/2024,333860
1416,01/16/2024,466417
1417,01/17/2024,789591
1418,01/18/2024,883472
1419,01/19/2024,756636
1420,01/20/2024,493261
1421,01/21/2024,374316
1422,01/22/2024,854857
1423,01/23/2024,891249
1424,01/24/2024,938918
1425,01/25/2024,945284
1426,01/26/2024,864565
1427,01/27/2024,571101
1428,01/28/2024,413539
1429,01/29/2024,886325
1430,01/30/2024,960015
1431,01/31/2024,968558
1432,02/01/2024,994944
1433,02/02/2024,888212
1434,02/03/2024,602575
1435,02/04/2024,442993
1436,02/05/2024,897881
1437,02/06/2024,986496
1438,02/07/2024,984460
1439,02/08/2024,976084
1440,02/09/2024,849222
1441,02/10/2024,605311
1442,02/11/2024,443268
1443,02/12/2024,859251
1444,02/13/2024,994841
1445,02/14/2024,992641
1446,02/15/2024,955864
1447,02/16/2024,859033
1448,02/17/2024,565299
1449,02/18/2024,469883
1450,02/19/2024,689228
1451,02/20/2024,980579
1452,02/21/2024,996156
1453,02/22/2024,984333
1454,02/23/2024,887808
1455,02/24/2024,570422
1456,02/25/2024,455660
1457,02/26/2024,908046
1458,02/27/2024,979779
1459,02/28/2024,924270
1460,02/29/2024,963955
1461,03/01/2024,905305
1462,03/02/2024,642263
1463,03/03/2024,483486
1464,03/04/2024,890158
1465,03/05/2024,953828
1466,03/06/2024,988677
1467,03/07/2024,971263
1468,03/08/2024,803226
1469,03/09/2024,625049
1470,03/10/2024,458792
1471,03/11/2024,919652
1472,03/12/2024,1010703
1473,03/13/2024,1013467
1474,03/14/2024,932670
1475,03/15/2024,953153
1476,03/16/2024,898430
1477,03/17/2024,487735
1478,03/18/2024,881664
1479,03/19/2024,980126
1480,03/20/2024,976933
1481,03/21/2024,948219
1482,03/22/2024,809723
1483,03/23/2024,622520
1484,03/24/2024,485457
1485,03/25/2024,793990
1486,03/26/2024,873923
1487,03/27/2024,879866
1488,03/28/2024,887633
1489,03/29/2024,793551
1490,03/30/2024,619562
1491,03/31/2024,410467
1492,04/01/2024,812843
1493,04/02/2024,964009
1494,04/03/2024,968123
1495,04/04/2024,976787
1496,04/05/2024,952334
1497,04/06/2024,683962
1498,04/07/2024,442299
1499,04/08/2024,913049
1500,04/09/2024,994316
1501,04/10/2024,1010179
1502,04/11/2024,954295
1503,04/12/2024,948475
1504,04/13/2024,693734
1505,04/14/2024,538718
1506,04/15/2024,957608
1507,04/16/2024,1004997
1508,04/17/2024,1008558
1509,04/18/2024,1024075
1510,04/19/2024,975135
1511,04/20/2024,686607
1512,04/21/2024,510829
1513,04/22/2024,929396
1514,04/23/2024,1010049
1515,04/24/2024,1015994
1516,04/25/2024,1044067
1517,04/26/2024,909424
1518,04/27/2024,705930
1519,04/28/2024,490070
1520,04/29/2024,906090
1521,04/30/2024,1041598
1522,05/01/2024,1061358
1523,05/02/2024,1009308
1524,05/03/2024,996678
1525,05/04/2024,717875
1526,05/05/2024,544176
1527,05/06/2024,977099
1528,05/07/2024,984827
1529,05/08/2024,1068795
1530,05/09/2024,975787
1531,05/10/2024,970094
1532,05/11/2024,689757
1533,05/12/2024,521950
1534,05/13/2024,899845
1535,05/14/2024,1008736
1536,05/15/2024,1035065
1537,05/16/2024,1036008
1538,05/17/2024,997447
1539,05/18/2024,746174
1540,05/19/2024,580125
1541,05/20/2024,927768
1542,05/21/2024,1062496
1543,05/22/2024,1071247
1544,05/23/2024,1067308
1545,05/24/2024,926092
1546,05/25/2024,762349
1547,05/26/2024,500087
1548,05/27/2024,511834
1549,05/28/2024,981313
1550,05/29/2024,1035494
1551,05/30/2024,1029048
1552,05/31/2024,1001902
1553,06/01/2024,616771
1554,06/02/2024,604112
1555,06/03/2024,972273
1556,06/04/2024,1046035
1557,06/05/2024,1052756
1558,06/06/2024,1046898
1559,06/07/2024,923009
1560,06/08/2024,683446
1561,06/09/2024,603997
1562,06/10/2024,881779
1563,06/11/2024,972615
1564,06/12/2024,999976
1565,06/13/2024,956116
1566,06/14/2024,949187
1567,06/15/2024,751449
1568,06/16/2024,553428
1569,06/17/2024,863389
1570,06/18/2024,978611
1571,06/19/2024,832063
1572,06/20/2024,959469
1573,06/21/2024,945335
1574,06/22/2024,764800
1575,06/23/2024,592571
1576,06/24/2024,901578
1577,06/25/2024,928520
1578,06/26/2024,1013201
1579,06/27/2024,1008436
1580,06/28/2024,891353
1581,06/29/2024,722863
1582,06/30/2024,655404
1583,07/01/2024,918178
1584,07/02/2024,965681
1585,07/03/2024,980099
1586,07/04/2024,557002
1587,07/05/2024,818643
1588,07/06/2024,723401
1589,07/07/2024,546124
1590,07/08/2024,888073
1591,07/09/2024,944394
1592,07/10/2024,970267
1593,07/11/2024,988542
1594,07/12/2024,929599
1595,07/13/2024,725019
1596,07/14/2024,520517
1597,07/15/2024,875268
1598,07/16/2024,973879
1599,07/17/2024,996525
1600,07/18/2024,987210
1601,07/19/2024,943733
1602,07/20/2024,752184
1603,07/21/2024,598765
1604,07/22/2024,921605
1605,07/23/2024,995615
1606,07/24/2024,1009246
1607,07/25/2024,999333
1608,07/26/2024,936635
1609,07/27/2024,755124
1610,07/28/2024,531689
1611,07/29/2024,847066
1612,07/30/2024,982915
1613,07/31/2024,1004311
1614,08/01/2024,1061421
1615,08/02/2024,1014594
1616,08/03/2024,826961
1617,08/04/2024,634975
1618,08/05/2024,874037
1619,08/06/2024,954440
1620,08/07/2024,1007418
1621,08/08/2024,970852
1622,08/09/2024,942105
1623,08/10/2024,785397
1624,08/11/2024,613797
1625,08/12/2024,878639
1626,08/13/2024,994431
1627,08/14/2024,980662
1628,08/15/2024,911264
1629,08/16/2024,919587
1630,08/17/2024,700891
1631,08/18/2024,572678
1632,08/19/2024,834256
1633,08/20/2024,882576
1634,08/21/2024,892822
1635,08/22/2024,906665
1636,08/23/2024,887875
1637,08/24/2024,700756
1638,08/25/2024,565482
1639,08/26/2024,972614
1640,08/27/2024,992768
1641,08/28/2024,1079777
1642,08/29/2024,1113704
1643,08/30/2024,1024107
1644,08/31/2024,781742
1645,09/01/2024,635730
1646,09/02/2024,565471
1647,09/03/2024,1091357
1648,09/04/2024,1107360
1649,09/05/2024,1091965
1650,09/06/2024,1051319
1651,09/07/2024,745210
1652,09/08/2024,587700
1653,09/09/2024,1023721
1654,09/10/2024,1098155
1655,09/11/2024,1108228
1656,09/12/2024,1092118
1657,09/13/2024,1018564
1658,09/14/2024,736344
1659,09/15/2024,565679
1660,09/16/2024,1020544
1661,09/17/2024,1118048
1662,09/18/2024,1122994
1663,09/19/2024,1131064
1664,09/20/2024,1067453
1665,09/21/2024,777118
1666,09/22/2024,490715
1667,09/23/2024,1020758
1668,09/24/2024,1017490
1669,09/25/2024,1142209
1670,09/26/2024,1133996
1671,09/27/2024,982512
1672,09/28/2024,697397
1673,09/29/2024,559636
1674,09/30/2024,1026214
1675,10/01/2024,1133213
1676,10/02/2024,1115719
1677,10/03/2024,1124910
1678,10/04/2024,1029042
1679,10/05/2024,749729
1680,10/06/2024,584676
1681,10/07/2024,1029363
1682,10/08/2024,1112630
1683,10/09/2024,1128878
1684,10/10/2024,1135499
1685,10/11/2024,1081054
1686,10/12/2024,797609
1687,10/13/2024,747736
1688,10/14/2024,871313
1689,10/15/2024,1026934
1690,10/16/2024,1115085
1691,10/17/2024,1116172
1692,10/18/2024,1040830
1693,10/19/2024,780096
1694,10/20/2024,560631
1695,10/21/2024,1023334
1696,10/22/2024,1094260
1697,10/23/2024,1115160
1698,10/24/2024,1119817
1699,10/25/2024,1020490
1700,10/26/2024,723801
1701,10/27/2024,528559
1702,10/28/2024,1000400
1703,10/29/2024,1097380
1704,10/30/2024,1109857
1705,10/31/2024,1030888
1706,11/01/2024,1000780
1707,11/02/2024,691836
1708,11/03/2024,495732
1709,11/04/2024,936732
1710,11/05/2024,898684
1711,11/06/2024,1059964
1712,11/07/2024,1095186
1713,11/08/2024,998099
1714,11/09/2024,679925
1715,11/10/2024,539309
1716,11/11/2024,914845
1717,11/12/2024,1078087
1718,11/13/2024,1068009
1719,11/14/2024,1060012
1720,11/15/2024,1000181
1721,11/16/2024,715925
1722,11/17/2024,542728
1723,11/18/2024,948150
1724,11/19/2024,1078952
1725,11/20/2024,1054456
1726,11/21/2024,954470
1727,11/22/2024,1015409
1728,11/23/2024,724965
1729,11/24/2024,523539
1730,11/25/2024,857014
1731,11/26/2024,875296
1732,11/27/2024,786166
1733,11/28/2024,323373
1734,11/29/2024,568640
1735,11/30/2024,526429
1736,12/01/2024,426319
1737,12/02/2024,903267
1738,12/03/2024,1013641
1739,12/04/2024,1011615
1740,12/05/2024,966057
1741,12/06/2024,930979
1742,12/07/2024,671260
1743,12/08/2024,526452
1744,12/09/2024,949811
1745,12/10/2024,1004093
1746,12/11/2024,978107
1747,12/12/2024,832311
1748,12/13/2024,882539
1749,12/14/2024,610753
1750,12/15/2024,475192
1751,12/16/2024,893964
1752,12/17/2024,974018
1753,12/18/2024,960168
1754,12/19/2024,926319
1755,12/20/2024,836241
1756,12/21/2024,581427
1757,12/22/2024,459705
1758,12/23/2024,693736
1759,12/24/2024,522712
1760,12/25/2024,232879
1761,12/26/2024,592056
1762,12/27/2024,640164
1763,12/28/2024,571490
1764,12/29/2024,389660
1765,12/30/2024,733119
1766,12/31/2024,667653
1767,01/01/2025,415998
1768,01/02/2025,701885
1769,01/03/2025,715025
1770,01/04/2025,524768
1771,01/05/2025,392464
1772,01/06/2025,798143
1773,01/07/2025,910360
1774,01/08/2025,917973
1775,01/09/2025,919111
1776,01/10/2025,806740
1777,01/11/2025,567740
1778,01/12/2025,410932
1779,01/13/2025,863414
1780,01/14/2025,917760
1781,01/15/2025,928768
1782,01/16/2025,975083
1783,01/17/2025,917372
1784,01/18/2025,588825
1785,01/19/2025,366249
1786,01/20/2025,420728
1787,01/21/2025,503796
1788,01/22/2025,850675
1789,01/23/2025,941690
1790,01/24/2025,834569
1791,01/25/2025,582714
1792,01/26/2025,430912
1793,01/27/2025,904492
1794,01/28/2025,999458
1795,01/29/2025,1000549
1796,01/30/2025,992724
1797,01/31/2025,813537
1798,02/01/2025,607443
1799,02/02/2025,448893
1800,02/03/2025,905960
1801,02/04/2025,999402
1802,02/05/2025,980712
1803,02/06/2025,946313
1804,02/07/2025,903230
1805,02/08/2025,580036
1806,02/09/2025,462357
1807,02/10/2025,906682
1808,02/11/2025,996838
1809,02/12/2025,819858
1810,02/13/2025,938712
1811,02/14/2025,857281
1812,02/15/2025,589172
1813,02/16/2025,453318
1814,02/17/2025,608111
1815,02/18/2025,819457
1816,02/19/2025,915116
1817,02/20/2025,954984
1818,02/21/2025,882547
1819,02/22/2025,605162
1820,02/23/2025,455531
1821,02/24/2025,932151
1822,02/25/2025,971693
1823,02/26/2025,1007012
1824,02/27/2025,1015859
1825,02/28/2025,943103
1826,03/01/2025,621004
1827,03/02/2025,471677
1828,03/03/2025,923600
1829,03/04/2025,970440
1830,03/05/2025,1001832
1831,03/06/2025,1024625
1832,03/07/2025,891105
1833,03/08/2025,657020
1834,03/09/2025,494977
1835,03/10/2025,965340
1836,03/11/2025,1044893
1837,03/12/2025,1055231
1838,03/13/2025,1066651
1839,03/14/2025,1026472
1840,03/15/2025,988230
1841,03/16/2025,486226
1842,03/17/2025,980663
1843,03/18/2025,1064826
1844,03/19/2025,996252
1845,03/20/2025,1008697
1846,03/21/2025,952572
1847,03/22/2025,662138
1848,03/23/2025,482605
1849,03/24/2025,812423
1850,03/25/2025,909204
1851,03/26/2025,918817
1852,03/27/2025,899353
1853,03/28/2025,852422
1854,03/29/2025,652619
1855,03/30/2025,474434
1856,03/31/2025,877253
1857,04/01/2025,1008757
1858,04/02/2025,900804
1859,04/03/2025,1098881
1860,04/04/2025,1003373
1861,04/05/2025,741127
1862,04/06/2025,549200
1863,04/07/2025,953778
1864,04/08/2025,1043729
1865,04/09/2025,1037071
1866,04/10/2025,1047356
1867,04/11/2025,996381
1868,04/12/2025,713322
1869,04/13/2025,549506
1870,04/14/2025,983991
1871,04/15/2025,1060157
1872,04/16/2025,1086584
1873,04/17/2025,1057022
1874,04/18/2025,909950
1875,04/19/2025,689477
1876,04/20/2025,469762
1877,04/21/2025,925527
1878,04/22/2025,1085891
1879,04/23/2025,1069268
1880,04/24/2025,1101813
1881,04/25/2025,981209
1882,04/26/2025,745934
1883,04/27/2025,575806
1884,04/28/2025,997932
1885,04/29/2025,1077993
1886,04/30/2025,1067693
1887,05/01/2025,1052036
1888,05/02/2025,994975
1889,05/03/2025,710841
1890,05/04/2025,510182
1891,05/05/2025,989428
1892,05/06/2025,1104708
1893,05/07/2025,1096004
1894,05/08/2025,1070630
1895,05/09/2025,1001895
1896,05/10/2025,716323
1897,05/11/2025,532775
1898,05/12/2025,963449
1899,05/13/2025,1069686
1900,05/14/2025,1088750
1901,05/15/2025,1061430
1902,05/16/2025,1028513
1903,05/17/2025,757857
1904,05/18/2025,620063
1905,05/19/2025,963658
1906,05/20/2025,958592
1907,05/21/2025,1024681
1908,05/22/2025,1056383
1909,05/23/2025,982241
1910,05/24/2025,753569
1911,05/25/2025,604866
1912,05/26/2025,562574
1913,05/27/2025,1016593
1914,05/28/2025,1021279
1915,05/29/2025,1056014
1916,05/30/2025,1007208
1917,05/31/2025,755816
1918,06/01/2025,591274
1919,06/02/2025,982342
1920,06/03/2025,1078623
1921,06/04/2025,990090
1922,06/05/2025,1077836
1923,06/06/2025,1013753
1924,06/07/2025,778878
1925,06/08/2025,596635
1926,06/09/2025,957496
1927,06/10/2025,1058420
1928,06/11/2025,1073559
1929,06/12/2025,1081632
1930,06/13/2025,949095
1931,06/14/2025,846481
1932,06/15/2025,602284
1933,06/16/2025,906331
1934,06/17/2025,1034394
1935,06/18/2025,935123
1936,06/19/2025,883521
1937,06/20/2025,965855
1938,06/21/2025,768271
1939,06/22/2025,580626
1940,06/23/2025,874951
1941,06/24/2025,974655
1942,06/25/2025,1015822
1943,06/26/2025,1032601
1944,06/27/2025,959779
1945,06/28/2025,764926
1946,06/29/2025,639360
1947,06/30/2025,911202
1948,07/01/2025,1053386
1949,07/02/2025,1017215
1950,07/03/2025,978728
1951,07/04/2025,593687
1952,07/05/2025,704274
1953,07/06/2025,558860
1954,07/07/2025,931750
1955,07/08/2025,1001024
1956,07/09/2025,1016955
1957,07/10/2025,1030546
1958,07/11/2025,927438
1959,07/12/2025,752756
1960,07/13/2025,596593
1961,07/14/2025,928910
1962,07/15/2025,1018584
1963,07/16/2025,995098
1964,07/17/2025,1033378
1965,07/18/2025,1019793
1966,07/19/2025,749181
1967,07/20/2025,622152
1968,07/21/2025,940119
1969,07/22/2025,1061030
1970,07/23/2025,1037419
1971,07/24/2025,953011
1972,07/25/2025,918825
1973,07/26/2025,761417
1974,07/27/2025,605792
1975,07/28/2025,885631
1976,07/29/2025,1003729
1977,07/30/2025,1003815
1978,07/31/2025,1110087
