"service_date","day_type","bus","rail_boardings","total_rides"
"03/01/2020","U","357,257","267,438","624,695"
"03/02/2020","W","785,700","666,046","1,451,746"
"03/03/2020","W","834,640","701,777","1,536,417"
"03/04/2020","W","815,420","699,192","1,514,612"
"03/05/2020","W","803,260","698,732","1,501,992"
"03/06/2020","W","767,084","655,010","1,422,094"
"03/07/2020","A","455,672","366,530","822,202"
"03/08/2020","U","343,291","269,577","612,868"
"03/09/2020","W","736,013","647,602","1,383,615"
"03/10/2020","W","787,025","678,996","1,466,021"
"03/11/2020","W","767,610","660,739","1,428,349"
"03/12/2020","W","737,628","601,682","1,339,310"
"03/13/2020","W","674,594","496,474","1,171,068"
"03/14/2020","A","347,925","235,841","583,766"
"03/15/2020","U","256,591","166,575","423,166"
"03/16/2020","W","493,179","284,844","778,023"
"03/17/2020","W","390,091","217,294","607,385"
"03/18/2020","W","320,242","179,316","499,558"
"03/19/2020","W","305,501","163,013","468,514"
"03/20/2020","W","303,882","152,797","456,679"
"03/21/2020","A","185,406","86,695","272,101"
"03/22/2020","U","113,282","60,490","173,772"
"03/23/2020","W","212,121","103,992","316,113"
"03/24/2020","W","220,319","105,312","325,631"
"03/25/2020","W","229,414","106,913","336,327"
"03/26/2020","W","211,746","100,860","312,606"
"03/27/2020","W","220,715","102,714","323,429"
"03/28/2020","A","144,561","68,572","213,133"
"03/29/2020","U","111,188","57,736","168,924"
"03/30/2020","W","208,762","96,996","305,758"
"03/31/2020","W","200,537","94,709","295,246"
"04/01/2020","W","235,503","100,042","335,545"
"04/02/2020","W","214,222","95,183","309,405"
"04/03/2020","W","240,528","101,015","341,543"
"04/04/2020","A","154,302","65,727","220,029"
"04/05/2020","U","118,701","53,173","171,874"
"04/06/2020","W","199,323","89,714","289,037"
"04/07/2020","W","202,629","90,824","293,453"
"04/08/2020","W","197,789","88,894","286,683"
"04/09/2020","W","189,898","86,725","276,623"
"04/10/2020","W","202,934","85,608","288,542"
"04/11/2020","A","161,743","59,808","221,551"
"04/12/2020","U","117,907","46,243","164,150"
"04/13/2020","W","199,679","79,074","278,753"
"04/14/2020","W","196,277","79,616","275,893"
"04/15/2020","W","199,545","78,844","278,389"
"04/16/2020","W","213,862","79,764","293,626"
"04/17/2020","W","205,280","77,935","283,215"
"04/18/2020","A","175,887","58,347","234,234"
"04/19/2020","U","135,539","47,512","183,051"
"04/20/2020","W","225,938","79,017","304,955"
"04/21/2020","W","219,120","77,886","297,006"
"04/22/2020","W","213,080","77,822","290,902"
"04/23/2020","W","214,131","77,918","292,049"
"04/24/2020","W","225,498","78,966","304,464"
"04/25/2020","A","156,179","51,764","207,943"
"04/26/2020","U","145,023","47,350","192,373"
"04/27/2020","W","230,903","77,830","308,733"
"04/28/2020","W","229,831","79,284","309,115"
"04/29/2020","W","205,453","74,942","280,395"
"04/30/2020","W","224,948","79,783","304,731"
"05/01/2020","W","272,700","89,139","361,839"
"05/02/2020","A","210,617","59,142","269,759"
"05/03/2020","U","155,791","49,160","204,951"
"05/04/2020","W","244,960","79,706","324,666"
"05/05/2020","W","224,885","77,485","302,370"
"05/06/2020","W","248,434","82,526","330,960"
"05/07/2020","W","247,597","83,941","331,538"
"05/08/2020","W","242,402","82,107","324,509"
"05/09/2020","A","206,907","59,372","266,279"
"05/10/2020","U","134,047","43,773","177,820"
"05/11/2020","W","236,521","77,650","314,171"
"05/12/2020","W","244,938","81,217","326,155"
"05/13/2020","W","259,169","83,529","342,698"
"05/14/2020","W","211,894","76,152","288,046"
"05/15/2020","W","261,148","82,454","343,602"
"05/16/2020","A","204,433","60,144","264,577"
"05/17/2020","U","119,698","40,451","160,149"
"05/18/2020","W","242,568","80,822","323,390"
"05/19/2020","W","228,412","79,752","308,164"
"05/20/2020","W","253,916","85,596","339,512"
"05/21/2020","W","244,336","85,164","329,500"
"05/22/2020","W","255,894","86,436","342,330"
"05/23/2020","A","198,708","59,164","257,872"
"05/24/2020","U","171,095","53,281","224,376"
"05/25/2020","U","170,039","52,921","222,960"
"05/26/2020","W","260,758","84,940","345,698"
"05/27/2020","W","258,713","86,518","345,231"
"05/28/2020","W","250,675","86,579","337,254"
"05/29/2020","W","265,087","92,565","357,652"
"05/30/2020","A","210,004","69,848","279,852"
"05/31/2020","U","86,503","23,544","110,047"
"06/01/2020","W","146,931","27,517","174,448"
"06/02/2020","W","154,414","31,544","185,958"
"06/03/2020","W","207,502","68,423","275,925"
"06/04/2020","W","236,590","83,605","320,195"
"06/05/2020","W","252,137","90,734","342,871"
"06/06/2020","A","184,406","69,622","254,028"
"06/07/2020","U","143,697","53,232","196,929"
"06/08/2020","W","263,520","100,516","364,036"
"06/09/2020","W","245,154","98,717","343,871"
"06/10/2020","W","258,523","101,685","360,208"
"06/11/2020","W","282,597","110,709","393,306"
"06/12/2020","W","276,051","113,656","389,707"
"06/13/2020","A","206,386","81,727","288,113"
"06/14/2020","U","165,299","66,384","231,683"
"06/15/2020","W","294,517","111,956","406,473"
"06/16/2020","W","301,881","114,566","416,447"
"06/17/2020","W","306,380","117,798","424,178"
"06/18/2020","W","305,028","119,506","424,534"
"06/19/2020","W","303,502","125,162","428,664"
"06/20/2020","A","221,620","81,634","303,254"
"06/21/2020","U","165,913","70,884","236,797"
"06/22/2020","W","260,524","114,622","375,146"
"06/23/2020","W","299,680","131,100","430,780"
"06/24/2020","W","286,680","133,015","419,695"
"06/25/2020","W","304,522","139,288","443,810"
"06/26/2020","W","275,240","130,402","405,642"
"06/27/2020","A","233,358","106,092","339,450"
"06/28/2020","U","171,693","86,966","258,659"
"06/29/2020","W","279,383","133,291","412,674"
"06/30/2020","W","298,563","140,782","439,345"
"07/01/2020","W","327,984","148,683","476,667"
"07/02/2020","W","320,859","149,071","469,930"
"07/03/2020","U","272,940","127,079","400,019"
"07/04/2020","A","188,378","94,601","282,979"
"07/05/2020","U","166,998","84,977","251,975"
"07/06/2020","W","301,317","143,054","444,371"
"07/07/2020","W","300,508","147,310","447,818"
"07/08/2020","W","301,892","149,845","451,737"
"07/09/2020","W","301,260","149,971","451,231"
"07/10/2020","W","312,226","155,529","467,755"
"07/11/2020","A","233,152","112,641","345,793"
"07/12/2020","U","174,761","90,382","265,143"
"07/13/2020","W","309,700","149,117","458,817"
"07/14/2020","W","312,379","152,758","465,137"
"07/15/2020","W","295,648","147,794","443,442"
"07/16/2020","W","306,288","154,912","461,200"
"07/17/2020","W","315,882","161,335","477,217"
"07/18/2020","A","219,217","109,549","328,766"
"07/19/2020","U","148,461","80,714","229,175"
"07/20/2020","W","307,261","149,404","456,665"
"07/21/2020","W","297,659","148,632","446,291"
"07/22/2020","W","306,629","152,652","459,281"
"07/23/2020","W","315,401","156,970","472,371"
"07/24/2020","W","318,269","161,024","479,293"
"07/25/2020","A","228,619","116,404","345,023"
"07/26/2020","U","163,332","90,069","253,401"
"07/27/2020","W","295,579","144,168","439,747"
"07/28/2020","W","314,899","153,221","468,120"
"07/29/2020","W","305,332","152,279","457,611"
"07/30/2020","W","307,576","156,312","463,888"
"07/31/2020","W","338,021","164,604","502,625"
"08/01/2020","A","235,944","117,414","353,358"
"08/02/2020","U","169,536","89,199","258,735"
"08/03/2020","W","324,028","152,552","476,580"
"08/04/2020","W","326,128","157,759","483,887"
"08/05/2020","W","319,021","157,695","476,716"
"08/06/2020","W","320,751","159,609","480,360"
"08/07/2020","W","326,107","164,886","490,993"
"08/08/2020","A","232,723","118,676","351,399"
"08/09/2020","U","175,080","93,832","268,912"
"08/10/2020","W","250,672","96,642","347,314"
"08/11/2020","W","309,009","138,581","447,590"
"08/12/2020","W","313,739","146,680","460,419"
"08/13/2020","W","313,917","150,941","464,858"
"08/14/2020","W","315,311","155,653","470,964"
"08/15/2020","A","215,071","107,720","322,791"
"08/16/2020","U","172,492","89,599","262,091"
"08/17/2020","W","304,431","147,684","452,115"
"08/18/2020","W","313,038","155,406","468,444"
"08/19/2020","W","317,835","158,653","476,488"
"08/20/2020","W","317,199","160,843","478,042"
"08/21/2020","W","322,563","165,104","487,667"
"08/22/2020","A","229,626","119,732","349,358"
"08/23/2020","U","167,737","93,123","260,860"
"08/24/2020","W","295,919","152,126","448,045"
"08/25/2020","W","306,720","156,020","462,740"
"08/26/2020","W","311,882","158,419","470,301"
"08/27/2020","W","307,570","159,603","467,173"
"08/28/2020","W","313,712","163,890","477,602"
"08/29/2020","A","228,415","120,335","348,750"
"08/30/2020","U","172,100","96,089","268,189"
"08/31/2020","W","312,659","156,093","468,752"
"09/01/2020","W","320,186","157,112","477,298"
"09/02/2020","W","335,025","167,989","503,014"
"09/03/2020","W","347,516","172,408","519,924"
"09/04/2020","W","339,339","176,834","516,173"
"09/05/2020","A","239,660","134,087","373,747"
"09/06/2020","U","161,152","98,132","259,284"
"09/07/2020","U","189,391","104,992","294,383"
"09/08/2020","W","288,854","151,558","440,412"
"09/09/2020","W","318,510","162,823","481,333"
"09/10/2020","W","320,927","167,696","488,623"
"09/11/2020","W","323,815","172,643","496,458"
"09/12/2020","A","213,040","118,325","331,365"
"09/13/2020","U","183,881","104,162","288,043"
"09/14/2020","W","314,508","159,479","473,987"
"09/15/2020","W","323,465","166,872","490,337"
"09/16/2020","W","323,500","171,467","494,967"
"09/17/2020","W","322,703","171,455","494,158"
"09/18/2020","W","329,339","179,021","508,360"
"09/19/2020","A","240,028","135,343","375,371"
"09/20/2020","U","175,502","101,785","277,287"
"09/21/2020","W","312,717","160,531","473,248"
"09/22/2020","W","324,554","166,852","491,406"
"09/23/2020","W","326,416","169,407","495,823"
"09/24/2020","W","321,314","169,953","491,267"
"09/25/2020","W","338,121","180,938","519,059"
"09/26/2020","A","239,686","136,388","376,074"
"09/27/2020","U","176,943","102,308","279,251"
"09/28/2020","W","299,874","158,980","458,854"
"09/29/2020","W","323,062","167,874","490,936"
"09/30/2020","W","320,186","169,305","489,491"
"10/01/2020","W","336,911","173,387","510,298"
"10/02/2020","W","349,664","182,413","532,077"
"10/03/2020","A","241,921","133,772","375,693"
"10/04/2020","U","179,954","100,387","280,341"
"10/05/2020","W","326,242","164,517","490,759"
"10/06/2020","W","332,474","168,456","500,930"
"10/07/2020","W","333,595","171,757","505,352"
"10/08/2020","W","334,365","174,469","508,834"
"10/09/2020","W","335,842","183,544","519,386"
"10/10/2020","A","248,858","137,846","386,704"
"10/11/2020","U","181,194","103,244","284,438"
"10/12/2020","W","271,925","145,635","417,560"
"10/13/2020","W","334,145","170,998","505,143"
"10/14/2020","W","334,911","172,419","507,330"
"10/15/2020","W","323,424","172,888","496,312"
"10/16/2020","W","324,544","178,507","503,051"
"10/17/2020","A","231,563","134,238","365,801"
"10/18/2020","U","150,496","92,227","242,723"
"10/19/2020","W","300,842","158,006","458,848"
"10/20/2020","W","310,091","163,811","473,902"
"10/21/2020","W","321,256","167,872","489,128"
"10/22/2020","W","318,012","168,824","486,836"
"10/23/2020","W","288,787","166,459","455,246"
"10/24/2020","A","239,353","132,006","371,359"
"10/25/2020","U","160,807","94,731","255,538"
"10/26/2020","W","294,204","155,238","449,442"
"10/27/2020","W","299,100","158,973","458,073"
"10/28/2020","W","318,538","165,838","484,376"
"10/29/2020","W","304,342","165,360","469,702"
"10/30/2020","W","334,559","172,445","507,004"
"10/31/2020","A","224,885","120,080","344,965"
"11/01/2020","U","149,896","85,934","235,830"
"11/02/2020","W","301,558","154,284","455,842"
"11/03/2020","W","317,723","149,741","467,464"
"11/04/2020","W","306,904","151,147","458,051"
"11/05/2020","W","311,836","158,434","470,270"
"11/06/2020","W","318,896","167,110","486,006"
"11/07/2020","A","226,237","126,890","353,127"
"11/08/2020","U","166,538","94,199","260,737"
"11/09/2020","W","308,098","157,126","465,224"
"11/10/2020","W","298,502","153,003","451,505"
"11/11/2020","W","286,362","147,595","433,957"
"11/12/2020","W","305,497","158,496","463,993"
"11/13/2020","W","305,354","159,535","464,889"
"11/14/2020","A","206,691","104,500","311,191"
"11/15/2020","U","136,434","75,619","212,053"
"11/16/2020","W","282,290","140,661","422,951"
"11/17/2020","W","279,757","140,971","420,728"
"11/18/2020","W","285,245","143,331","428,576"
"11/19/2020","W","292,548","148,286","440,834"
"11/20/2020","W","297,292","149,612","446,904"
"11/21/2020","A","206,379","100,672","307,051"
"11/22/2020","U","146,562","74,926","221,488"
"11/23/2020","W","283,365","138,635","422,000"
"11/24/2020","W","264,500","135,119","399,619"
"11/25/2020","W","267,787","131,704","399,491"
"11/26/2020","U","119,470","56,839","176,309"
"11/27/2020","W","221,878","106,692","328,570"
"11/28/2020","A","198,860","97,141","296,001"
"11/29/2020","U","145,682","76,276","221,958"
"11/30/2020","W","255,801","130,426","386,227"
"12/01/2020","W","290,906","138,364","429,270"
"12/02/2020","W","289,930","137,598","427,528"
"12/03/2020","W","301,357","142,080","443,437"
"12/04/2020","W","297,160","144,348","441,508"
"12/05/2020","A","206,508","100,869","307,377"
"12/06/2020","U","144,322","74,099","218,421"
"12/07/2020","W","272,363","133,537","405,900"
"12/08/2020","W","277,139","137,145","414,284"
"12/09/2020","W","293,699","143,390","437,089"
"12/10/2020","W","297,368","144,459","441,827"
"12/11/2020","W","277,727","138,386","416,113"
"12/12/2020","A","181,545","92,521","274,066"
"12/13/2020","U","150,344","78,380","228,724"
"12/14/2020","W","269,583","135,394","404,977"
"12/15/2020","W","273,075","137,120","410,195"
"12/16/2020","W","269,375","138,422","407,797"
"12/17/2020","W","273,791","139,375","413,166"
"12/18/2020","W","284,841","144,568","429,409"
"12/19/2020","A","201,406","101,970","303,376"
"12/20/2020","U","157,805","80,063","237,868"
"12/21/2020","W","280,892","137,696","418,588"
"12/22/2020","W","289,292","140,759","430,051"
"12/23/2020","W","283,137","138,325","421,462"
"12/24/2020","W","201,261","92,528","293,789"
"12/25/2020","U","80,783","40,861","121,644"
"12/26/2020","A","170,294","81,793","252,087"
"12/27/2020","U","139,350","72,363","211,713"
"12/28/2020","W","259,552","125,317","384,869"
"12/29/2020","W","253,437","128,558","381,995"
"12/30/2020","W","244,219","126,447","370,666"
"12/31/2020","W","254,787","114,338","369,125"
"01/01/2021","U","114,115","62,077","176,192"
"01/02/2021","A","186,877","91,034","277,911"
"01/03/2021","U","140,440","72,391","212,831"
"01/04/2021","W","282,862","132,124","414,986"
"01/05/2021","W","281,724","134,514","416,238"
"01/06/2021","W","278,317","136,069","414,386"
"01/07/2021","W","270,340","135,092","405,432"
"01/08/2021","W","272,827","137,181","410,008"
"01/09/2021","A","205,370","101,095","306,465"
"01/10/2021","U","145,412","71,867","217,279"
"01/11/2021","W","262,355","129,615","391,970"
"01/12/2021","W","277,882","136,866","414,748"
"01/13/2021","W","282,529","140,007","422,536"
"01/14/2021","W","275,747","137,634","413,381"
"01/15/2021","W","277,928","139,988","417,916"
"01/16/2021","A","193,303","96,530","289,833"
"01/17/2021","U","143,923","72,570","216,493"
"01/18/2021","W","227,108","113,727","340,835"
"01/19/2021","W","270,497","137,227","407,724"
"01/20/2021","W","257,638","131,313","388,951"
"01/21/2021","W","287,899","144,085","431,984"
"01/22/2021","W","264,517","138,811","403,328"
"01/23/2021","A","190,988","96,503","287,491"
"01/24/2021","U","141,538","71,996","213,534"
"01/25/2021","W","265,782","135,618","401,400"
"01/26/2021","W","233,767","127,803","361,570"
"01/27/2021","W","262,570","138,610","401,180"
"01/28/2021","W","265,152","140,259","405,411"
"01/29/2021","W","285,439","148,439","433,878"
"01/30/2021","A","192,267","102,119","294,386"
"01/31/2021","U","119,669","75,697","195,366"
"02/01/2021","W","285,366","145,356","430,722"
"02/02/2021","W","288,369","146,050","434,419"
"02/03/2021","W","315,672","152,303","467,975"
"02/04/2021","W","278,515","147,593","426,108"
"02/05/2021","W","250,369","139,613","389,982"
"02/06/2021","A","161,437","89,065","250,502"
"02/07/2021","U","110,637","64,459","175,096"
"02/08/2021","W","242,899","128,998","371,897"
"02/09/2021","W","260,772","137,064","397,836"
"02/10/2021","W","267,271","141,210","408,481"
"02/11/2021","W","269,772","146,284","416,056"
"02/12/2021","W","280,767","149,261","430,028"
"02/13/2021","A","186,257","106,030","292,287"
"02/14/2021","U","121,070","73,603","194,673"
"02/15/2021","W","196,912","118,258","315,170"
"02/16/2021","W","206,197","114,830","321,027"
"02/17/2021","W","278,930","149,828","428,758"
"02/18/2021","W","283,168","155,250","438,418"
"02/19/2021","W","287,852","156,832","444,684"
"02/20/2021","A","192,157","112,011","304,168"
"02/21/2021","U","146,116","81,211","227,327"
"02/22/2021","W","280,331","146,573","426,904"
"02/23/2021","W","308,822","157,020","465,842"
"02/24/2021","W","307,300","156,793","464,093"
"02/25/2021","W","300,304","157,867","458,171"
"02/26/2021","W","309,217","164,565","473,782"
"02/27/2021","A","232,432","127,246","359,678"
"02/28/2021","U","158,200","87,008","245,208"
"03/01/2021","W","309,106","149,826","458,932"
"03/02/2021","W","308,998","156,140","465,138"
"03/03/2021","W","333,410","163,566","496,976"
"03/04/2021","W","309,302","159,889","469,191"
"03/05/2021","W","317,629","167,771","485,400"
"03/06/2021","A","228,890","124,851","353,741"
"03/07/2021","U","173,071","95,906","268,977"
"03/08/2021","W","317,267","159,512","476,779"
"03/09/2021","W","327,340","164,868","492,208"
"03/10/2021","W","312,074","161,736","473,810"
"03/11/2021","W","318,121","165,057","483,178"
"03/12/2021","W","323,199","172,476","495,675"
"03/13/2021","A","247,738","148,004","395,742"
"03/14/2021","U","163,299","97,387","260,686"
"03/15/2021","W","265,818","144,990","410,808"
"03/16/2021","W","300,583","158,171","458,754"
"03/17/2021","W","310,656","165,207","475,863"
"03/18/2021","W","293,346","160,989","454,335"
"03/19/2021","W","330,666","178,106","508,772"
"03/20/2021","A","246,067","141,702","387,769"
"03/21/2021","U","187,953","111,138","299,091"
"03/22/2021","W","319,333","164,624","483,957"
"03/23/2021","W","303,876","159,635","463,511"
"03/24/2021","W","320,929","168,422","489,351"
"03/25/2021","W","316,190","168,278","484,468"
"03/26/2021","W","321,386","175,255","496,641"
"03/27/2021","A","235,940","137,705","373,645"
"03/28/2021","U","171,037","101,679","272,716"
"03/29/2021","W","316,586","165,113","481,699"
"03/30/2021","W","324,218","170,588","494,806"
"03/31/2021","W","313,521","168,955","482,476"
"04/01/2021","W","330,414","178,267","508,681"
"04/02/2021","W","329,144","180,602","509,746"
"04/03/2021","A","258,780","150,786","409,566"
"04/04/2021","U","178,580","105,039","283,619"
"04/05/2021","W","313,426","166,404","479,830"
"04/06/2021","W","338,664","181,795","520,459"
"04/07/2021","W","340,512","181,069","521,581"
"04/08/2021","W","302,569","171,140","473,709"
"04/09/2021","W","330,542","186,985","517,527"
"04/10/2021","A","212,976","129,831","342,807"
"04/11/2021","U","177,686","105,758","283,444"
"04/12/2021","W","326,192","170,290","496,482"
"04/13/2021","W","335,197","179,135","514,332"
"04/14/2021","W","320,689","173,838","494,527"
"04/15/2021","W","321,850","179,206","501,056"
"04/16/2021","W","334,144","199,086","533,230"
"04/17/2021","A","237,265","155,208","392,473"
"04/18/2021","U","177,249","112,596","289,845"
"04/19/2021","W","307,407","165,608","473,015"
"04/20/2021","W","310,048","170,031","480,079"
"04/21/2021","W","313,705","173,325","487,030"
"04/22/2021","W","336,610","187,886","524,496"
"04/23/2021","W","341,811","203,880","545,691"
"04/24/2021","A","234,939","149,135","384,074"
"04/25/2021","U","175,558","113,050","288,608"
"04/26/2021","W","337,128","176,283","513,411"
"04/27/2021","W","352,388","193,712","546,100"
"04/28/2021","W","303,689","172,569","476,258"
"04/29/2021","W","327,089","184,416","511,505"
"04/30/2021","W","358,329","207,166","565,495"
"05/01/2021","A","266,141","170,503","436,644"
"05/02/2021","U","195,776","126,355","322,131"
"05/03/2021","W","334,667","174,120","508,787"
"05/04/2021","W","330,540","183,621","514,161"
"05/05/2021","W","346,837","193,605","540,442"
"05/06/2021","W","322,453","187,545","509,998"
"05/07/2021","W","351,011","212,194","563,205"
"05/08/2021","A","255,252","161,702","416,954"
"05/09/2021","U","158,199","108,981","267,180"
"05/10/2021","W","317,899","175,820","493,719"
"05/11/2021","W","338,523","189,589","528,112"
"05/12/2021","W","337,223","193,841","531,064"
"05/13/2021","W","347,914","205,589","553,503"
"05/14/2021","W","353,950","222,830","576,780"
"05/15/2021","A","234,951","166,559","401,510"
"05/16/2021","U","195,939","137,410","333,349"
"05/17/2021","W","333,150","190,203","523,353"
"05/18/2021","W","338,267","195,305","533,572"
"05/19/2021","W","331,674","198,718","530,392"
"05/20/2021","W","350,455","215,181","565,636"
"05/21/2021","W","353,721","226,276","579,997"
"05/22/2021","A","265,066","188,124","453,190"
"05/23/2021","U","184,730","129,720","314,450"
"05/24/2021","W","338,290","196,524","534,814"
"05/25/2021","W","345,371","205,679","551,050"
"05/26/2021","W","349,319","208,470","557,789"
"05/27/2021","W","334,991","208,682","543,673"
"05/28/2021","W","313,635","217,115","530,750"
"05/29/2021","A","266,944","208,819","475,763"
"05/30/2021","U","209,937","177,745","387,682"
"05/31/2021","U","194,901","147,880","342,781"
"06/01/2021","W","349,451","221,402","570,853"
"06/02/2021","W","356,620","222,827","579,447"
"06/03/2021","W","382,161","231,398","613,559"
"06/04/2021","W","374,475","244,454","618,929"
"06/05/2021","A","278,036","199,123","477,159"
"06/06/2021","U","204,309","148,509","352,818"
"06/07/2021","W","343,982","202,767","546,749"
"06/08/2021","W","366,854","222,841","589,695"
"06/09/2021","W","367,755","231,622","599,377"
"06/10/2021","W","374,697","246,542","621,239"
"06/11/2021","W","375,533","271,425","646,958"
"06/12/2021","A","265,224","224,185","489,409"
"06/13/2021","U","219,260","184,714","403,974"
"06/14/2021","W","362,267","227,377","589,644"
"06/15/2021","W","372,531","238,872","611,403"
"06/16/2021","W","374,362","242,785","617,147"
"06/17/2021","W","372,186","247,900","620,086"
"06/18/2021","W","362,823","272,803","635,626"
"06/19/2021","A","276,925","238,075","515,000"
"06/20/2021","U","194,025","158,875","352,900"
"06/21/2021","W","349,781","237,699","587,480"
"06/22/2021","W","376,511","256,084","632,595"
"06/23/2021","W","362,682","239,858","602,540"
"06/24/2021","W","345,186","240,440","585,626"
"06/25/2021","W","343,853","251,904","595,757"
"06/26/2021","A","232,678","190,791","423,469"
"06/27/2021","U","219,887","176,898","396,785"
"06/28/2021","W","337,566","218,776","556,342"
"06/29/2021","W","346,254","229,881","576,135"
"06/30/2021","W","356,837","237,763","594,600"
"07/01/2021","W","397,781","257,789","655,570"
"07/02/2021","W","389,185","254,956","644,141"
"07/03/2021","A","292,341","215,230","507,571"
"07/04/2021","U","214,496","167,760","382,256"
"07/05/2021","U","237,811","178,415","416,226"
"07/06/2021","W","378,230","255,296","633,526"
"07/07/2021","W","371,601","261,796","633,397"
"07/08/2021","W","375,578","276,819","652,397"
"07/09/2021","W","389,894","302,893","692,787"
"07/10/2021","A","275,612","238,903","514,515"
"07/11/2021","U","189,913","165,360","355,273"
"07/12/2021","W","363,268","237,710","600,978"
"07/13/2021","W","375,230","250,575","625,805"
"07/14/2021","W","396,163","262,113","658,276"
"07/15/2021","W","374,072","261,351","635,423"
"07/16/2021","W","379,552","280,527","660,079"
"07/17/2021","A","296,714","245,066","541,780"
"07/18/2021","U","226,558","191,007","417,565"
"07/19/2021","W","377,772","248,181","625,953"
"07/20/2021","W","390,578","264,471","655,049"
"07/21/2021","W","392,548","274,123","666,671"
"07/22/2021","W","390,531","275,892","666,423"
"07/23/2021","W","386,289","298,869","685,158"
"07/24/2021","A","280,927","250,014","530,941"
"07/25/2021","U","221,645","198,799","420,444"
"07/26/2021","W","373,206","260,296","633,502"
"07/27/2021","W","387,327","279,049","666,376"
"07/28/2021","W","390,425","298,392","688,817"
"07/29/2021","W","394,751","362,106","756,857"
"07/30/2021","W","402,364","362,949","765,313"
"07/31/2021","A","292,772","310,759","603,531"
"08/01/2021","U","223,161","244,404","467,565"
"08/02/2021","W","374,987","259,408","634,395"
"08/03/2021","W","407,869","267,547","675,416"
"08/04/2021","W","401,665","271,469","673,134"
"08/05/2021","W","401,248","283,716","684,964"
"08/06/2021","W","387,894","313,936","701,830"
"08/07/2021","A","301,542","275,050","576,592"
"08/08/2021","U","223,653","187,344","410,997"
"08/09/2021","W","334,547","240,520","575,067"
"08/10/2021","W","372,961","264,354","637,315"
"08/11/2021","W","364,185","258,741","622,926"
"08/12/2021","W","381,061","280,760","661,821"
"08/13/2021","W","396,567","277,082","673,649"
"08/14/2021","A","294,345","252,710","547,055"
"08/15/2021","U","221,156","205,673","426,829"
"08/16/2021","W","371,748","246,824","618,572"
"08/17/2021","W","385,106","259,308","644,414"
"08/18/2021","W","387,316","265,679","652,995"
"08/19/2021","W","390,171","274,749","664,920"
"08/20/2021","W","399,149","298,535","697,684"
"08/21/2021","A","282,205","248,705","530,910"
"08/22/2021","U","231,270","202,393","433,663"
"08/23/2021","W","389,873","263,283","653,156"
"08/24/2021","W","382,748","259,641","642,389"
"08/25/2021","W","398,464","278,830","677,294"
"08/26/2021","W","417,416","287,640","705,056"
"08/27/2021","W","411,406","302,286","713,692"
"08/28/2021","A","290,939","232,278","523,217"
"08/29/2021","U","215,493","180,030","395,523"
"08/30/2021","W","452,128","283,312","735,440"
"08/31/2021","W","457,408","294,988","752,396"
"09/01/2021","W","483,883","302,972","786,855"
"09/02/2021","W","466,988","316,474","783,462"
"09/03/2021","W","460,822","332,962","793,784"
"09/04/2021","A","288,744","249,857","538,601"
"09/05/2021","U","238,982","232,104","471,086"
"09/06/2021","U","231,171","190,360","421,531"
"09/07/2021","W","445,989","291,803","737,792"
"09/08/2021","W","480,111","320,091","800,202"
"09/09/2021","W","471,953","326,271","798,224"
"09/10/2021","W","469,400","355,788","825,188"
"09/11/2021","A","292,316","276,714","569,030"
"09/12/2021","U","216,327","206,582","422,909"
"09/13/2021","W","450,527","296,554","747,081"
"09/14/2021","W","468,812","311,965","780,777"
"09/15/2021","W","472,623","329,295","801,918"
"09/16/2021","W","467,659","365,090","832,749"
"09/17/2021","W","469,512","377,373","846,885"
"09/18/2021","A","297,188","295,961","593,149"
"09/19/2021","U","221,743","220,835","442,578"
"09/20/2021","W","443,252","298,947","742,199"
"09/21/2021","W","452,211","319,330","771,541"
"09/22/2021","W","450,883","322,522","773,405"
"09/23/2021","W","464,140","327,671","791,811"
"09/24/2021","W","463,710","365,392","829,102"
"09/25/2021","A","300,821","296,621","597,442"
"09/26/2021","U","214,958","195,380","410,338"
"09/27/2021","W","458,134","298,532","756,666"
"09/28/2021","W","474,767","315,354","790,121"
"09/29/2021","W","471,319","323,001","794,320"
"09/30/2021","W","469,820","326,450","796,270"
"10/01/2021","W","486,451","343,048","829,499"
"10/02/2021","A","283,289","248,678","531,967"
"10/03/2021","U","209,009","188,875","397,884"
"10/04/2021","W","453,108","297,717","750,825"
"10/05/2021","W","469,691","317,319","787,010"
"10/06/2021","W","474,666","317,494","792,160"
"10/07/2021","W","447,936","323,569","771,505"
"10/08/2021","W","461,163","348,740","809,903"
"10/09/2021","A","301,635","281,790","583,425"
"10/10/2021","U","194,232","312,750","506,982"
"10/11/2021","W","335,704","269,043","604,747"
"10/12/2021","W","469,702","337,547","807,249"
"10/13/2021","W","456,836","323,735","780,571"
"10/14/2021","W","466,987","336,464","803,451"
"10/15/2021","W","456,194","338,278","794,472"
"10/16/2021","A","301,890","266,017","567,907"
"10/17/2021","U","219,929","196,386","416,315"
"10/18/2021","W","447,658","303,246","750,904"
"10/19/2021","W","467,179","323,286","790,465"
"10/20/2021","W","470,815","323,794","794,609"
"10/21/2021","W","449,160","330,258","779,418"
"10/22/2021","W","446,072","328,904","774,976"
"10/23/2021","A","288,871","244,421","533,292"
"10/24/2021","U","171,424","144,992","316,416"
"10/25/2021","W","384,314","270,031","654,345"
"10/26/2021","W","476,997","320,974","797,971"
"10/27/2021","W","475,784","327,121","802,905"
"10/28/2021","W","447,442","328,865","776,307"
"10/29/2021","W","407,815","307,878","715,693"
"10/30/2021","A","280,283","244,786","525,069"
"10/31/2021","U","203,393","183,268","386,661"
"11/01/2021","W","452,937","300,996","753,933"
"11/02/2021","W","463,908","319,122","783,030"
"11/03/2021","W","481,029","327,770","808,799"
"11/04/2021","W","463,508","333,562","797,070"
"11/05/2021","W","403,870","312,819","716,689"
"11/06/2021","A","279,147","235,533","514,680"
"11/07/2021","U","211,114","177,817","388,931"
"11/08/2021","W","458,387","305,403","763,790"
"11/09/2021","W","465,479","324,645","790,124"
"11/10/2021","W","474,682","332,506","807,188"
"11/11/2021","W","349,696","286,823","636,519"
"11/12/2021","W","381,722","302,454","684,176"
"11/13/2021","A","263,401","221,836","485,237"
"11/14/2021","U","191,694","153,282","344,976"
"11/15/2021","W","427,781","292,876","720,657"
"11/16/2021","W","463,846","321,135","784,981"
"11/17/2021","W","436,216","311,717","747,933"
"11/18/2021","W","413,008","315,161","728,169"
"11/19/2021","W","443,247","337,202","780,449"
"11/20/2021","A","271,655","276,136","547,791"
"11/21/2021","U","214,017","179,537","393,554"
"11/22/2021","W","428,156","288,075","716,231"
"11/23/2021","W","437,577","300,261","737,838"
"11/24/2021","W","359,261","257,882","617,143"
"11/25/2021","U","136,680","103,108","239,788"
"11/26/2021","W","257,700","189,694","447,394"
"11/27/2021","A","237,839","187,065","424,904"
"11/28/2021","U","184,817","147,830","332,647"
"11/29/2021","W","421,322","276,090","697,412"
"11/30/2021","W","450,230","302,349","752,579"
"12/01/2021","W","464,613","309,075","773,688"
"12/02/2021","W","466,625","323,958","790,583"
"12/03/2021","W","460,247","320,326","780,573"
"12/04/2021","A","282,720","237,153","519,873"
"12/05/2021","U","175,680","150,682","326,362"
"12/06/2021","W","419,783","278,439","698,222"
"12/07/2021","W","412,108","287,065","699,173"
"12/08/2021","W","440,298","300,242","740,540"
"12/09/2021","W","441,609","310,636","752,245"
"12/10/2021","W","425,279","297,443","722,722"
"12/11/2021","A","253,954","221,509","475,463"
"12/12/2021","U","200,373","165,296","365,669"
"12/13/2021","W","425,654","272,016","697,670"
"12/14/2021","W","443,484","293,750","737,234"
"12/15/2021","W","441,500","299,691","741,191"
"12/16/2021","W","424,823","297,427","722,250"
"12/17/2021","W","405,415","282,060","687,475"
"12/18/2021","A","243,767","196,349","440,116"
"12/19/2021","U","193,554","150,673","344,227"
"12/20/2021","W","346,355","235,596","581,951"
"12/21/2021","W","343,757","224,928","568,685"
"12/22/2021","W","314,359","209,334","523,693"
"12/23/2021","W","311,895","192,858","504,753"
"12/24/2021","U","215,369","118,922","334,291"
"12/25/2021","A","101,622","63,575","165,197"
"12/26/2021","U","160,349","106,278","266,627"
"12/27/2021","W","276,748","170,801","447,549"
"12/28/2021","W","267,102","174,336","441,438"
"12/29/2021","W","294,413","191,745","486,158"
"12/30/2021","W","295,024","194,851","489,875"
"12/31/2021","U","227,449","163,183","390,632"
"01/01/2022","A","115,581","116,473","232,054"
"01/02/2022","U","141,100","114,070","255,170"
"01/03/2022","W","308,893","184,727","493,620"
"01/04/2022","W","343,163","202,963","546,126"
"01/05/2022","W","261,752","177,105","438,857"
"01/06/2022","W","256,983","175,465","432,448"
"01/07/2022","W","246,042","172,216","418,258"
"01/08/2022","A","190,569","133,844","324,413"
"01/09/2022","U","139,413","102,330","241,743"
"01/10/2022","W","273,785","175,964","449,749"
"01/11/2022","W","299,534","190,644","490,178"
"01/12/2022","W","364,308","214,250","578,558"
"01/13/2022","W","364,235","218,508","582,743"
"01/14/2022","W","355,305","224,098","579,403"
"01/15/2022","A","201,975","153,357","355,332"
"01/16/2022","U","157,849","117,493","275,342"
"01/17/2022","W","247,901","160,202","408,103"
"01/18/2022","W","394,532","239,770","634,302"
"01/19/2022","W","373,531","235,997","609,528"
"01/20/2022","W","343,001","227,670","570,671"
"01/21/2022","W","360,918","227,754","588,672"
"01/22/2022","A","213,615","153,452","367,067"
"01/23/2022","U","149,802","112,997","262,799"
"01/24/2022","W","352,311","235,351","587,662"
"01/25/2022","W","352,155","234,112","586,267"
"01/26/2022","W","313,683","215,518","529,201"
"01/27/2022","W","388,880","254,620","643,500"
"01/28/2022","W","310,477","229,809","540,286"
"01/29/2022","A","216,590","160,644","377,234"
"01/30/2022","U","163,483","115,445","278,928"
"01/31/2022","W","405,219","253,283","658,502"
"02/01/2022","W","438,309","273,732","712,041"
"02/02/2022","W","252,363","189,573","441,936"
"02/03/2022","W","342,011","232,018","574,029"
"02/04/2022","W","391,793","263,572","655,365"
"02/05/2022","A","222,874","169,731","392,605"
"02/06/2022","U","179,811","125,211","305,022"
"02/07/2022","W","405,768","257,867","663,635"
"02/08/2022","W","431,086","280,312","711,398"
"02/09/2022","W","433,494","283,336","716,830"
"02/10/2022","W","426,111","284,248","710,359"
"02/11/2022","W","413,489","269,373","682,862"
"02/12/2022","A","236,977","177,109","414,086"
"02/13/2022","U","175,728","133,282","309,010"
"02/14/2022","W","400,492","260,703","661,195"
"02/15/2022","W","434,683","282,736","717,419"
"02/16/2022","W","436,057","286,506","722,563"
"02/17/2022","W","365,062","260,175","625,237"
"02/18/2022","W","383,850","268,927","652,777"
"02/19/2022","A","228,190","179,991","408,181"
"02/20/2022","U","193,971","146,532","340,503"
"02/21/2022","W","330,376","219,366","549,742"
"02/22/2022","W","402,852","275,702","678,554"
"02/23/2022","W","434,639","288,569","723,208"
"02/24/2022","W","417,551","290,246","707,797"
"02/25/2022","W","411,882","278,287","690,169"
"02/26/2022","A","260,161","190,557","450,718"
"02/27/2022","U","197,978","139,377","337,355"
"02/28/2022","W","437,269","272,433","709,702"
"03/01/2022","W","471,547","297,951","769,498"
"03/02/2022","W","461,679","304,639","766,318"
"03/03/2022","W","450,905","301,344","752,249"
"03/04/2022","W","437,164","288,975","726,139"
"03/05/2022","A","291,281","221,714","512,995"
"03/06/2022","U","194,300","141,976","336,276"
"03/07/2022","W","399,383","261,592","660,975"
"03/08/2022","W","464,441","303,631","768,072"
"03/09/2022","W","466,984","310,336","777,320"
"03/10/2022","W","444,721","310,435","755,156"
"03/11/2022","W","422,764","294,476","717,240"
"03/12/2022","A","247,872","287,526","535,398"
"03/13/2022","U","200,879","168,821","369,700"
"03/14/2022","W","448,558","294,168","742,726"
"03/15/2022","W","463,215","322,609","785,824"
"03/16/2022","W","479,823","333,597","813,420"
"03/17/2022","W","463,068","336,933","800,001"
"03/18/2022","W","404,540","292,739","697,279"
"03/19/2022","A","250,839","203,842","454,681"
"03/20/2022","U","220,280","183,597","403,877"
"03/21/2022","W","459,452","286,077","745,529"
"03/22/2022","W","432,916","290,803","723,719"
"03/23/2022","W","411,053","285,528","696,581"
"03/24/2022","W","452,116","279,960","732,076"
"03/25/2022","W","431,829","290,569","722,398"
"03/26/2022","A","242,199","191,025","433,224"
"03/27/2022","U","193,217","147,865","341,082"
"03/28/2022","W","443,113","283,316","726,429"
"03/29/2022","W","459,127","310,432","769,559"
"03/30/2022","W","425,844","299,471","725,315"
"03/31/2022","W","446,918","313,624","760,542"
"04/01/2022","W","484,903","314,610","799,513"
"04/02/2022","A","264,044","194,383","458,427"
"04/03/2022","U","218,901","153,875","372,776"
"04/04/2022","W","457,452","291,019","748,471"
"04/05/2022","W","482,775","326,164","808,939"
"04/06/2022","W","470,573","327,753","798,326"
"04/07/2022","W","468,788","346,853","815,641"
"04/08/2022","W","398,017","301,320","699,337"
"04/09/2022","A","283,129","232,566","515,695"
"04/10/2022","U","221,977","184,272","406,249"
"04/11/2022","W","388,543","276,040","664,583"
"04/12/2022","W","426,444","323,042","749,486"
"04/13/2022","W","375,870","290,641","666,511"
"04/14/2022","W","408,379","316,347","724,726"
"04/15/2022","W","367,610","276,605","644,215"
"04/16/2022","A","274,093","216,395","490,488"
"04/17/2022","U","183,837","139,738","323,575"
"04/18/2022","W","416,359","279,342","695,701"
"04/19/2022","W","461,501","324,667","786,168"
"04/20/2022","W","453,943","322,677","776,620"
"04/21/2022","W","455,139","339,779","794,918"
"04/22/2022","W","414,144","295,319","709,463"
"04/23/2022","A","312,128","278,763","590,891"
"04/24/2022","U","192,744","162,462","355,206"
"04/25/2022","W","454,532","293,934","748,466"
"04/26/2022","W","476,474","323,321","799,795"
"04/27/2022","W","473,316","325,530","798,846"
"04/28/2022","W","461,751","329,024","790,775"
"04/29/2022","W","472,802","324,138","796,940"
"04/30/2022","A","260,440","208,693","469,133"
"05/01/2022","U","209,565","167,306","376,871"
"05/02/2022","W","456,676","288,292","744,968"
"05/03/2022","W","427,088","304,189","731,277"
"05/04/2022","W","500,429","344,233","844,662"
"05/05/2022","W","464,544","329,241","793,785"
"05/06/2022","W","429,700","298,387","728,087"
"05/07/2022","A","308,573","262,869","571,442"
"05/08/2022","U","204,641","167,467","372,108"
"05/09/2022","W","456,324","296,458","752,782"
"05/10/2022","W","487,603","334,899","822,502"
"05/11/2022","W","481,802","332,548","814,350"
"05/12/2022","W","475,308","345,676","820,984"
"05/13/2022","W","470,223","332,657","802,880"
"05/14/2022","A","303,044","249,361","552,405"
"05/15/2022","U","210,931","171,982","382,913"
"05/16/2022","W","460,986","304,494","765,480"
"05/17/2022","W","479,630","337,079","816,709"
"05/18/2022","W","452,731","322,841","775,572"
"05/19/2022","W","486,489","351,429","837,918"
"05/20/2022","W","458,078","321,127","779,205"
"05/21/2022","A","258,763","218,972","477,735"
"05/22/2022","U","221,756","193,002","414,758"
"05/23/2022","W","456,515","297,901","754,416"
"05/24/2022","W","484,351","336,010","820,361"
"05/25/2022","W","461,780","319,883","781,663"
"05/26/2022","W","467,853","332,069","799,922"
"05/27/2022","W","435,553","299,737","735,290"
"05/28/2022","A","299,533","280,228","579,761"
"05/29/2022","U","239,199","246,793","485,992"
"05/30/2022","U","235,865","210,421","446,286"
"05/31/2022","W","468,550","326,376","794,926"
"06/01/2022","W","496,766","346,924","843,690"
"06/02/2022","W","492,400","355,544","847,944"
"06/03/2022","W","494,862","353,934","848,796"
"06/04/2022","A","298,993","261,915","560,908"
"06/05/2022","U","230,730","216,530","447,260"
"06/06/2022","W","437,910","291,922","729,832"
"06/07/2022","W","492,774","348,945","841,719"
"06/08/2022","W","454,093","328,980","783,073"
"06/09/2022","W","488,146","359,630","847,776"
"06/10/2022","W","450,488","327,910","778,398"
"06/11/2022","A","311,911","264,509","576,420"
"06/12/2022","U","224,348","193,587","417,935"
"06/13/2022","W","433,682","306,621","740,303"
"06/14/2022","W","467,146","345,831","812,977"
"06/15/2022","W","435,538","338,852","774,390"
"06/16/2022","W","441,821","351,622","793,443"
"06/17/2022","W","438,575","356,445","795,020"
"06/18/2022","A","316,980","307,051","624,031"
"06/19/2022","U","227,181","226,033","453,214"
"06/20/2022","W","365,955","257,700","623,655"
"06/21/2022","W","427,588","321,100","748,688"
"06/22/2022","W","444,712","335,641","780,353"
"06/23/2022","W","442,860","345,391","788,251"
"06/24/2022","W","429,666","353,308","782,974"
"06/25/2022","A","276,951","259,318","536,269"
"06/26/2022","U","228,786","301,320","530,106"
"06/27/2022","W","416,606","298,347","714,953"
"06/28/2022","W","445,097","348,827","793,924"
"06/29/2022","W","448,310","350,300","798,610"
"06/30/2022","W","434,307","354,302","788,609"
"07/01/2022","W","427,111","319,073","746,184"
"07/02/2022","A","314,971","271,980","586,951"
"07/03/2022","U","234,889","221,003","455,892"
"07/04/2022","U","201,272","158,486","359,758"
"07/05/2022","W","400,714","283,797","684,511"
"07/06/2022","W","438,241","315,347","753,588"
"07/07/2022","W","444,168","331,132","775,300"
"07/08/2022","W","414,527","323,371","737,898"
"07/09/2022","A","314,661","288,100","602,761"
"07/10/2022","U","228,764","208,566","437,330"
"07/11/2022","W","411,177","289,480","700,657"
"07/12/2022","W","460,573","351,612","812,185"
"07/13/2022","W","462,243","357,923","820,166"
"07/14/2022","W","459,272","364,927","824,199"
"07/15/2022","W","385,035","307,877","692,912"
"07/16/2022","A","306,271","295,499","601,770"
"07/17/2022","U","212,995","208,264","421,259"
"07/18/2022","W","432,780","299,248","732,028"
"07/19/2022","W","453,338","335,621","788,959"
"07/20/2022","W","455,439","338,205","793,644"
"07/21/2022","W","445,763","342,598","788,361"
"07/22/2022","W","426,586","323,821","750,407"
"07/23/2022","A","275,396","265,291","540,687"
"07/24/2022","U","209,703","202,481","412,184"
"07/25/2022","W","423,680","314,719","738,399"
"07/26/2022","W","460,649","352,662","813,311"
"07/27/2022","W","446,320","340,006","786,326"
"07/28/2022","W","448,728","380,517","829,245"
"07/29/2022","W","430,804","378,849","809,653"
"07/30/2022","A","304,052","327,388","631,440"
"07/31/2022","U","224,307","252,781","477,088"
"08/01/2022","W","433,904","304,820","738,724"
"08/02/2022","W","451,890","335,737","787,627"
"08/03/2022","W","430,236","321,771","752,007"
"08/04/2022","W","449,161","341,966","791,127"
"08/05/2022","W","445,484","357,462","802,946"
"08/06/2022","A","302,707","280,369","583,076"
"08/07/2022","U","202,042","193,344","395,386"
"08/08/2022","W","381,427","286,194","667,621"
"08/09/2022","W","454,272","352,582","806,854"
"08/10/2022","W","455,381","346,182","801,563"
"08/11/2022","W","444,736","337,937","782,673"
"08/12/2022","W","430,652","320,260","750,912"
"08/13/2022","A","295,364","253,835","549,199"
"08/14/2022","U","214,683","189,154","403,837"
"08/15/2022","W","422,612","312,773","735,385"
"08/16/2022","W","445,900","335,456","781,356"
"08/17/2022","W","451,427","335,610","787,037"
"08/18/2022","W","447,149","343,155","790,304"
"08/19/2022","W","446,821","359,501","806,322"
"08/20/2022","A","276,088","263,681","539,769"
"08/21/2022","U","235,253","221,628","456,881"
"08/22/2022","W","484,550","322,408","806,958"
"08/23/2022","W","510,024","370,191","880,215"
"08/24/2022","W","509,522","369,646","879,168"
"08/25/2022","W","491,181","367,289","858,470"
"08/26/2022","W","495,636","347,989","843,625"
"08/27/2022","A","313,588","249,105","562,693"
"08/28/2022","U","219,848","188,705","408,553"
"08/29/2022","W","453,804","307,410","761,214"
"08/30/2022","W","524,895","366,870","891,765"
"08/31/2022","W","521,586","366,459","888,045"
"09/01/2022","W","526,641","371,181","897,822"
"09/02/2022","W","507,102","361,289","868,391"
"09/03/2022","A","329,125","291,196","620,321"
"09/04/2022","U","229,381","227,410","456,791"
"09/05/2022","U","236,613","180,944","417,557"
"09/06/2022","W","523,472","365,689","889,161"
"09/07/2022","W","534,473","388,259","922,732"
"09/08/2022","W","529,691","391,210","920,901"
"09/09/2022","W","506,174","373,012","879,186"
"09/10/2022","A","328,476","293,144","621,620"
"09/11/2022","U","180,862","175,036","355,898"
"09/12/2022","W","480,954","342,767","823,721"
"09/13/2022","W","527,850","390,462","918,312"
"09/14/2022","W","531,662","395,177","926,839"
"09/15/2022","W","526,216","409,158","935,374"
"09/16/2022","W","508,567","431,965","940,532"
"09/17/2022","A","333,893","324,035","657,928"
"09/18/2022","U","237,991","241,024","479,015"
"09/19/2022","W","495,344","350,160","845,504"
"09/20/2022","W","522,109","387,279","909,388"
"09/21/2022","W","537,697","392,818","930,515"
"09/22/2022","W","530,009","398,846","928,855"
"09/23/2022","W","458,882","354,789","813,671"
"09/24/2022","A","320,145","265,000","585,145"
"09/25/2022","U","229,013","196,621","425,634"
"09/26/2022","W","497,354","338,256","835,610"
"09/27/2022","W","527,776","392,549","920,325"
"09/28/2022","W","530,749","399,004","929,753"
"09/29/2022","W","521,049","399,396","920,445"
"09/30/2022","W","517,079","372,584","889,663"
"10/01/2022","A","331,991","278,557","610,548"
"10/02/2022","U","230,938","198,343","429,281"
"10/03/2022","W","522,157","347,552","869,709"
"10/04/2022","W","539,617","387,120","926,737"
"10/05/2022","W","535,091","386,695","921,786"
"10/06/2022","W","528,937","407,379","936,316"
"10/07/2022","W","497,726","385,824","883,550"
"10/08/2022","A","327,134","300,298","627,432"
"10/09/2022","U","207,502","351,798","559,300"
"10/10/2022","W","413,126","332,397","745,523"
"10/11/2022","W","516,976","397,158","914,134"
"10/12/2022","W","497,854","384,939","882,793"
"10/13/2022","W","533,103","420,167","953,270"
"10/14/2022","W","501,494","372,144","873,638"
"10/15/2022","A","325,294","272,080","597,374"
"10/16/2022","U","227,365","191,906","419,271"
"10/17/2022","W","470,688","332,889","803,577"
"10/18/2022","W","499,407","372,296","871,703"
"10/19/2022","W","525,153","378,834","903,987"
"10/20/2022","W","507,374","383,470","890,844"
"10/21/2022","W","462,718","343,986","806,704"
"10/22/2022","A","328,599","254,638","583,237"
"10/23/2022","U","239,284","189,552","428,836"
"10/24/2022","W","499,098","342,781","841,879"
"10/25/2022","W","478,171","370,030","848,201"
"10/26/2022","W","539,425","393,904","933,329"
"10/27/2022","W","528,826","395,129","923,955"
"10/28/2022","W","501,985","352,842","854,827"
"10/29/2022","A","311,437","254,149","565,586"
"10/30/2022","U","217,204","177,961","395,165"
"10/31/2022","W","454,862","318,942","773,804"
"11/01/2022","W","535,639","378,179","913,818"
"11/02/2022","W","532,834","379,413","912,247"
"11/03/2022","W","540,308","389,939","930,247"
"11/04/2022","W","489,779","345,651","835,430"
"11/05/2022","A","271,210","239,302","510,512"
"11/06/2022","U","237,292","195,418","432,710"
"11/07/2022","W","502,205","345,095","847,300"
"11/08/2022","W","445,547","343,165","788,712"
"11/09/2022","W","524,300","382,075","906,375"
"11/10/2022","W","534,931","396,488","931,419"
"11/11/2022","W","458,476","329,637","788,113"
"11/12/2022","A","283,958","233,513","517,471"
"11/13/2022","U","216,386","184,686","401,072"
"11/14/2022","W","479,311","330,831","810,142"
"11/15/2022","W","482,772","363,154","845,926"
"11/16/2022","W","501,388","367,015","868,403"
"11/17/2022","W","489,196","368,122","857,318"
"11/18/2022","W","437,859","348,326","786,185"
"11/19/2022","A","253,918","231,052","484,970"
"11/20/2022","U","204,456","163,384","367,840"
"11/21/2022","W","423,423","299,744","723,167"
"11/22/2022","W","435,161","314,006","749,167"
"11/23/2022","W","398,091","275,787","673,878"
"11/24/2022","U","160,200","111,986","272,186"
"11/25/2022","W","305,747","216,040","521,787"
"11/26/2022","A","283,619","206,385","490,004"
"11/27/2022","U","190,990","145,822","336,812"
"11/28/2022","W","472,849","306,743","779,592"
"11/29/2022","W","492,390","346,172","838,562"
"11/30/2022","W","471,180","342,095","813,275"
"12/01/2022","W","494,028","351,763","845,791"
"12/02/2022","W","490,109","327,826","817,935"
"12/03/2022","A","302,524","235,937","538,461"
"12/04/2022","U","219,158","175,364","394,522"
"12/05/2022","W","473,036","301,290","774,326"
"12/06/2022","W","491,402","343,974","835,376"
"12/07/2022","W","501,570","348,450","850,020"
"12/08/2022","W","491,122","354,293","845,415"
"12/09/2022","W","434,379","310,116","744,495"
"12/10/2022","A","301,199","250,406","551,605"
"12/11/2022","U","217,920","181,270","399,190"
"12/12/2022","W","461,205","309,804","771,009"
"12/13/2022","W","488,778","350,345","839,123"
"12/14/2022","W","460,656","334,180","794,836"
"12/15/2022","W","479,951","357,938","837,889"
"12/16/2022","W","438,828","317,559","756,387"
"12/17/2022","A","273,704","221,530","495,234"
"12/18/2022","U","205,652","168,395","374,047"
"12/19/2022","W","422,466","271,588","694,054"
"12/20/2022","W","458,350","301,658","760,008"
"12/21/2022","W","449,539","293,415","742,954"
"12/22/2022","W","334,740","211,520","546,260"
"12/23/2022","W","154,576","107,314","261,890"
"12/24/2022","A","150,459","94,387","244,846"
"12/25/2022","U","85,188","55,366","140,554"
"12/26/2022","U","205,368","123,005","328,373"
"12/27/2022","W","315,154","202,638","517,792"
"12/28/2022","W","321,472","212,073","533,545"
"12/29/2022","W","347,158","231,287","578,445"
"12/30/2022","W","364,899","243,067","607,966"
"12/31/2022","A","257,498","181,031","438,529"
"01/01/2023","U","164,489","140,776","305,265"
"01/02/2023","U","254,124","165,797","419,921"
"01/03/2023","W","383,247","275,846","659,093"
"01/04/2023","W","398,456","292,474","690,930"
"01/05/2023","W","384,238","292,708","676,946"
"01/06/2023","W","371,923","258,636","630,559"
"01/07/2023","A","272,633","183,930","456,563"
"01/08/2023","U","209,397","145,377","354,774"
"01/09/2023","W","449,465","296,803","746,268"
"01/10/2023","W","499,769","345,615","845,384"
"01/11/2023","W","499,126","343,468","842,594"
"01/12/2023","W","474,679","340,171","814,850"
"01/13/2023","W","443,233","292,169","735,402"
"01/14/2023","A","288,502","201,672","490,174"
"01/15/2023","U","220,389","154,138","374,527"
"01/16/2023","W","295,880","196,321","492,201"
"01/17/2023","W","496,926","344,762","841,688"
"01/18/2023","W","495,410","346,875","842,285"
"01/19/2023","W","479,283","347,238","826,521"
"01/20/2023","W","457,848","296,350","754,198"
"01/21/2023","A","285,487","196,802","482,289"
"01/22/2023","U","201,809","140,538","342,347"
"01/23/2023","W","468,304","307,836","776,140"
"01/24/2023","W","505,791","355,136","860,927"
"01/25/2023","W","462,648","337,076","799,724"
"01/26/2023","W","484,428","350,067","834,495"
"01/27/2023","W","435,531","290,048","725,579"
"01/28/2023","A","270,454","190,883","461,337"
"01/29/2023","U","199,420","144,673","344,093"
"01/30/2023","W","420,711","284,230","704,941"
"01/31/2023","W","428,116","311,121","739,237"
"02/01/2023","W","488,390","332,706","821,096"
"02/02/2023","W","488,230","339,244","827,474"
"02/03/2023","W","367,206","247,871","615,077"
"02/04/2023","A","295,858","188,543","484,401"
"02/05/2023","U","228,506","147,681","376,187"
"02/06/2023","W","489,061","304,675","793,736"
"02/07/2023","W","512,128","348,998","861,126"
"02/08/2023","W","517,223","348,441","865,664"
"02/09/2023","W","456,891","326,676","783,567"
"02/10/2023","W","480,757","289,003","769,760"
"02/11/2023","A","305,427","182,401","487,828"
"02/12/2023","U","228,971","139,964","368,935"
"02/13/2023","W","477,325","298,814","776,139"
"02/14/2023","W","510,605","355,572","866,177"
"02/15/2023","W","498,251","346,762","845,013"
"02/16/2023","W","450,939","324,574","775,513"
"02/17/2023","W","447,365","297,527","744,892"
"02/18/2023","A","307,618","213,471","521,089"
"02/19/2023","U","241,433","167,599","409,032"
"02/20/2023","W","371,110","251,523","622,633"
"02/21/2023","W","512,268","349,053","861,321"
"02/22/2023","W","445,175","320,183","765,358"
"02/23/2023","W","500,377","349,987","850,364"
"02/24/2023","W","468,093","303,528","771,621"
"02/25/2023","A","313,877","199,947","513,824"
"02/26/2023","U","246,373","152,718","399,091"
"02/27/2023","W","438,886","284,156","723,042"
"02/28/2023","W","516,342","350,093","866,435"
"03/01/2023","W","538,035","357,399","895,434"
"03/02/2023","W","505,862","352,552","858,414"
"03/03/2023","W","441,984","285,055","727,039"
"03/04/2023","A","332,481","209,545","542,026"
"03/05/2023","U","246,208","156,086","402,294"
"03/06/2023","W","470,524","303,195","773,719"
"03/07/2023","W","528,413","362,941","891,354"
"03/08/2023","W","521,850","359,517","881,367"
"03/09/2023","W","498,577","352,220","850,797"
"03/10/2023","W","466,305","312,533","778,838"
"03/11/2023","A","326,961","340,919","667,880"
"03/12/2023","U","215,765","159,274","375,039"
"03/13/2023","W","459,265","307,389","766,654"
"03/14/2023","W","524,325","366,497","890,822"
"03/15/2023","W","535,449","367,880","903,329"
"03/16/2023","W","499,382","360,728","860,110"
"03/17/2023","W","435,055","319,561","754,616"
"03/18/2023","A","284,653","199,267","483,920"
"03/19/2023","U","238,907","157,695","396,602"
"03/20/2023","W","478,059","300,593","778,652"
"03/21/2023","W","510,959","347,098","858,057"
"03/22/2023","W","499,380","340,260","839,640"
"03/23/2023","W","489,519","342,562","832,081"
"03/24/2023","W","475,520","306,297","781,817"
"03/25/2023","A","287,548","202,198","489,746"
"03/26/2023","U","222,855","179,536","402,391"
"03/27/2023","W","493,436","320,115","813,551"
"03/28/2023","W","521,594","365,749","887,343"
"03/29/2023","W","470,430","353,192","823,622"
"03/30/2023","W","517,477","388,264","905,741"
"03/31/2023","W","467,904","309,609","777,513"
"04/01/2023","A","315,267","235,235","550,502"
"04/02/2023","U","261,251","191,192","452,443"
"04/03/2023","W","439,537","304,009","743,546"
"04/04/2023","W","428,000","325,448","753,448"
"04/05/2023","W","438,936","335,701","774,637"
"04/06/2023","W","459,977","353,018","812,995"
"04/07/2023","W","419,926","312,653","732,579"
"04/08/2023","A","333,736","244,038","577,774"
"04/09/2023","U","237,320","168,475","405,795"
"04/10/2023","W","492,576","324,608","817,184"
"04/11/2023","W","539,533","388,288","927,821"
"04/12/2023","W","516,841","388,965","905,806"
"04/13/2023","W","541,076","386,440","927,516"
"04/14/2023","W","518,497","353,807","872,304"
"04/15/2023","A","360,082","254,964","615,046"
"04/16/2023","U","229,968","157,603","387,571"
"04/17/2023","W","458,530","310,077","768,607"
"04/18/2023","W","523,866","378,471","902,337"
"04/19/2023","W","527,267","380,103","907,370"
"04/20/2023","W","516,298","393,967","910,265"
"04/21/2023","W","505,681","360,742","866,423"
"04/22/2023","A","329,493","240,134","569,627"
"04/23/2023","U","245,927","174,185","420,112"
"04/24/2023","W","502,642","328,298","830,940"
"04/25/2023","W","516,696","378,228","894,924"
"04/26/2023","W","539,161","388,688","927,849"
"04/27/2023","W","532,971","395,661","928,632"
"04/28/2023","W","503,332","340,242","843,574"
"04/29/2023","A","331,120","224,434","555,554"
"04/30/2023","U","238,929","165,311","404,240"
"05/01/2023","W","482,348","315,630","797,978"
"05/02/2023","W","530,573","372,211","902,784"
"05/03/2023","W","555,155","381,538","936,693"
"05/04/2023","W","542,958","391,265","934,223"
"05/05/2023","W","518,792","367,635","886,427"
"05/06/2023","A","354,490","259,476","613,966"
"05/07/2023","U","281,403","198,280","479,683"
"05/08/2023","W","469,174","325,860","795,034"
"05/09/2023","W","548,033","396,388","944,421"
"05/10/2023","W","544,618","397,870","942,488"
"05/11/2023","W","533,940","384,804","918,744"
"05/12/2023","W","481,927","328,362","810,289"
"05/13/2023","A","344,247","221,075","565,322"
"05/14/2023","U","233,363","156,364","389,727"
"05/15/2023","W","486,638","320,403","807,041"
"05/16/2023","W","533,948","384,145","918,093"
"05/17/2023","W","527,429","382,604","910,033"
"05/18/2023","W","525,435","390,005","915,440"
"05/19/2023","W","486,435","337,006","823,441"
"05/20/2023","A","354,750","241,214","595,964"
"05/21/2023","U","273,007","193,053","466,060"
"05/22/2023","W","499,608","333,292","832,900"
"05/23/2023","W","537,810","406,630","944,440"
"05/24/2023","W","535,858","401,039","936,897"
"05/25/2023","W","528,009","395,099","923,108"
"05/26/2023","W","497,832","356,184","854,016"
"05/27/2023","A","340,968","290,957","631,925"
"05/28/2023","U","273,385","247,157","520,542"
"05/29/2023","U","269,683","209,702","479,385"
"05/30/2023","W","517,974","382,375","900,349"
"05/31/2023","W","517,111","389,469","906,580"
"06/01/2023","W","544,178","393,187","937,365"
"06/02/2023","W","514,354","386,122","900,476"
"06/03/2023","A","371,914","300,646","672,560"
"06/04/2023","U","278,304","238,509","516,813"
"06/05/2023","W","511,045","350,028","861,073"
"06/06/2023","W","522,067","389,250","911,317"
"06/07/2023","W","535,180","390,851","926,031"
"06/08/2023","W","493,065","387,473","880,538"
"06/09/2023","W","476,837","381,247","858,084"
"06/10/2023","A","379,556","320,326","699,882"
"06/11/2023","U","239,715","193,563","433,278"
"06/12/2023","W","457,944","327,050","784,994"
"06/13/2023","W","450,859","375,000","825,859"
"06/14/2023","W","493,401","392,696","886,097"
"06/15/2023","W","482,965","398,441","881,406"
"06/16/2023","W","453,530","361,553","815,083"
"06/17/2023","A","372,865","295,909","668,774"
"06/18/2023","U","272,736","221,073","493,809"
"06/19/2023","W","384,578","261,569","646,147"
"06/20/2023","W","488,457","375,171","863,628"
"06/21/2023","W","495,689","401,487","897,176"
"06/22/2023","W","486,237","402,155","888,392"
"06/23/2023","W","469,905","383,443","853,348"
"06/24/2023","A","369,643","298,557","668,200"
"06/25/2023","U","258,229","295,714","553,943"
"06/26/2023","W","445,453","323,554","769,007"
"06/27/2023","W","496,729","395,754","892,483"
"06/28/2023","W","496,731","392,034","888,765"
"06/29/2023","W","470,303","393,963","864,266"
"06/30/2023","W","473,836","378,120","851,956"
"07/01/2023","A","335,143","311,337","646,480"
"07/02/2023","U","170,177","192,380","362,557"
"07/03/2023","W","444,738","293,378","738,116"
"07/04/2023","U","281,675","195,858","477,533"
"07/05/2023","W","448,241","324,432","772,673"
"07/06/2023","W","495,284","375,201","870,485"
"07/07/2023","W","479,367","347,499","826,866"
"07/08/2023","A","352,631","259,570","612,201"
"07/09/2023","U","281,445","205,204","486,649"
"07/10/2023","W","485,647","330,776","816,423"
"07/11/2023","W","483,040","372,976","856,016"
"07/12/2023","W","443,121","354,104","797,225"
"07/13/2023","W","505,564","394,862","900,426"
"07/14/2023","W","476,443","373,807","850,250"
"07/15/2023","A","359,874","287,408","647,282"
"07/16/2023","U","281,420","234,238","515,658"
"07/17/2023","W","480,822","349,113","829,935"
"07/18/2023","W","512,122","398,713","910,835"
"07/19/2023","W","515,105","402,686","917,791"
"07/20/2023","W","502,681","414,002","916,683"
"07/21/2023","W","485,225","389,288","874,513"
"07/22/2023","A","360,932","312,905","673,837"
"07/23/2023","U","288,305","247,161","535,466"
"07/24/2023","W","474,506","338,496","813,002"
"07/25/2023","W","508,517","383,391","891,908"
"07/26/2023","W","478,350","371,278","849,628"
"07/27/2023","W","502,581","385,163","887,744"
"07/28/2023","W","446,842","334,517","781,359"
"07/29/2023","A","364,824","286,441","651,265"
"07/30/2023","U","285,496","219,936","505,432"
"07/31/2023","W","469,024","334,195","803,219"
"08/01/2023","W","528,437","389,535","917,972"
"08/02/2023","W","519,583","423,358","942,941"
"08/03/2023","W","521,191","480,968","1,002,159"
"08/04/2023","W","493,321","456,039","949,360"
"08/05/2023","A","338,701","346,075","684,776"
"08/06/2023","U","264,872","298,188","563,060"
"08/07/2023","W","467,465","346,627","814,092"
"08/08/2023","W","508,824","388,916","897,740"
"08/09/2023","W","501,770","394,563","896,333"
"08/10/2023","W","506,343","383,545","889,888"
"08/11/2023","W","472,150","370,307","842,457"
"08/12/2023","A","370,464","315,090","685,554"
"08/13/2023","U","279,218","225,085","504,303"
"08/14/2023","W","408,865","290,559","699,424"
"08/15/2023","W","500,013","382,517","882,530"
"08/16/2023","W","518,485","390,193","908,678"
"08/17/2023","W","484,256","366,327","850,583"
"08/18/2023","W","490,626","366,654","857,280"
"08/19/2023","A","381,458","303,336","684,794"
"08/20/2023","U","296,344","239,159","535,503"
"08/21/2023","W","551,302","343,866","895,168"
"08/22/2023","W","564,653","390,141","954,794"
"08/23/2023","W","531,763","365,111","896,874"
"08/24/2023","W","501,750","365,055","866,805"
"08/25/2023","W","553,276","375,055","928,331"
"08/26/2023","A","361,538","273,589","635,127"
"08/27/2023","U","289,983","218,533","508,516"
"08/28/2023","W","567,171","371,199","938,370"
"08/29/2023","W","585,643","418,817","1,004,460"
"08/30/2023","W","589,901","420,080","1,009,981"
"08/31/2023","W","579,376","413,083","992,459"
"09/01/2023","W","585,674","386,812","972,486"
"09/02/2023","A","384,728","291,029","675,757"
"09/03/2023","U","309,758","248,524","558,282"
"09/04/2023","U","293,106","220,411","513,517"
"09/05/2023","W","586,167","409,043","995,210"
"09/06/2023","W","578,259","425,429","1,003,688"
"09/07/2023","W","597,711","442,432","1,040,143"
"09/08/2023","W","555,213","397,332","952,545"
"09/09/2023","A","385,592","323,033","708,625"
"09/10/2023","U","297,306","247,808","545,114"
"09/11/2023","W","504,742","356,445","861,187"
"09/12/2023","W","603,242","432,403","1,035,645"
"09/13/2023","W","593,103","431,950","1,025,053"
"09/14/2023","W","587,439","437,320","1,024,759"
"09/15/2023","W","566,708","432,176","998,884"
"09/16/2023","A","352,049","340,865","692,914"
"09/17/2023","U","252,015","219,746","471,761"
"09/18/2023","W","560,810","382,031","942,841"
"09/19/2023","W","555,949","432,367","988,316"
"09/20/2023","W","599,268","447,165","1,046,433"
"09/21/2023","W","581,536","449,600","1,031,136"
"09/22/2023","W","525,718","400,937","926,655"
"09/23/2023","A","381,816","312,772","694,588"
"09/24/2023","U","290,336","234,578","524,914"
"09/25/2023","W","552,311","370,891","923,202"
"09/26/2023","W","565,172","416,619","981,791"
"09/27/2023","W","583,749","427,267","1,011,016"
"09/28/2023","W","597,723","437,574","1,035,297"
"09/29/2023","W","578,054","401,168","979,222"
"09/30/2023","A","391,173","301,206","692,379"
"10/01/2023","U","303,953","229,368","533,321"
"10/02/2023","W","576,630","378,334","954,964"
"10/03/2023","W","619,488","434,467","1,053,955"
"10/04/2023","W","610,623","445,787","1,056,410"
"10/05/2023","W","584,937","447,707","1,032,644"
"10/06/2023","W","559,485","428,321","987,806"
"10/07/2023","A","386,990","334,134","721,124"
"10/08/2023","U","253,021","403,385","656,406"
"10/09/2023","W","452,540","366,694","819,234"
"10/10/2023","W","601,129","443,465","1,044,594"
"10/11/2023","W","598,019","442,594","1,040,613"
"10/12/2023","W","567,954","433,731","1,001,685"
"10/13/2023","W","519,462","373,986","893,448"
"10/14/2023","A","338,320","266,624","604,944"
"10/15/2023","U","293,753","222,768","516,521"
"10/16/2023","W","551,971","374,520","926,491"
"10/17/2023","W","587,256","440,241","1,027,497"
"10/18/2023","W","595,182","439,266","1,034,448"
"10/19/2023","W","579,587","433,975","1,013,562"
"10/20/2023","W","562,941","395,292","958,233"
"10/21/2023","A","364,186","309,900","674,086"
"10/22/2023","U","288,942","219,804","508,746"
"10/23/2023","W","555,068","379,650","934,718"
"10/24/2023","W","598,773","434,867","1,033,640"
"10/25/2023","W","570,560","426,962","997,522"
"10/26/2023","W","535,013","412,606","947,619"
"10/27/2023","W","503,840","373,004","876,844"
"10/28/2023","A","360,484","275,006","635,490"
"10/29/2023","U","250,473","185,823","436,296"
"10/30/2023","W","551,840","367,453","919,293"
"10/31/2023","W","520,069","390,110","910,179"
"11/01/2023","W","576,336","410,084","986,420"
"11/02/2023","W","579,094","419,780","998,874"
"11/03/2023","W","563,943","373,412","937,355"
"11/04/2023","A","401,704","280,222","681,926"
"11/05/2023","U","296,526","200,577","497,103"
"11/06/2023","W","568,672","375,471","944,143"
"11/07/2023","W","588,549","424,318","1,012,867"
"11/08/2023","W","578,329","422,082","1,000,411"
"11/09/2023","W","588,110","454,074","1,042,184"
"11/10/2023","W","461,731","351,382","813,113"
"11/11/2023","A","354,671","266,284","620,955"
"11/12/2023","U","294,251","195,035","489,286"
"11/13/2023","W","558,320","370,511","928,831"
"11/14/2023","W","581,009","424,128","1,005,137"
"11/15/2023","W","587,609","422,609","1,010,218"
"11/16/2023","W","580,758","415,406","996,164"
"11/17/2023","W","544,624","418,827","963,451"
"11/18/2023","A","348,044","315,864","663,908"
"11/19/2023","U","278,346","201,431","479,777"
"11/20/2023","W","472,022","334,103","806,125"
"11/21/2023","W","465,329","339,605","804,934"
"11/22/2023","W","443,954","298,121","742,075"
"11/23/2023","U","187,931","128,326","316,257"
"11/24/2023","W","323,157","227,199","550,356"
"11/25/2023","A","310,164","213,175","523,339"
"11/26/2023","U","219,912","160,320","380,232"
"11/27/2023","W","505,729","325,992","831,721"
"11/28/2023","W","522,935","368,618","891,553"
"11/29/2023","W","553,418","387,126","940,544"
"11/30/2023","W","559,855","396,342","956,197"
"12/01/2023","W","513,523","339,748","853,271"
"12/02/2023","A","358,919","260,456","619,375"
"12/03/2023","U","268,845","172,945","441,790"
"12/04/2023","W","537,917","337,666","875,583"
"12/05/2023","W","556,584","384,481","941,065"
"12/06/2023","W","572,732","389,802","962,534"
"12/07/2023","W","580,504","404,303","984,807"
"12/08/2023","W","561,665","372,605","934,270"
"12/09/2023","A","369,433","283,097","652,530"
"12/10/2023","U","264,202","196,318","460,520"
"12/11/2023","W","517,482","326,238","843,720"
"12/12/2023","W","556,451","378,617","935,068"
"12/13/2023","W","559,461","378,896","938,357"
"12/14/2023","W","558,905","384,778","943,683"
"12/15/2023","W","535,654","351,722","887,376"
"12/16/2023","A","321,951","230,799","552,750"
"12/17/2023","U","271,335","184,885","456,220"
"12/18/2023","W","498,940","306,545","805,485"
"12/19/2023","W","527,927","342,290","870,217"
"12/20/2023","W","540,890","343,581","884,471"
"12/21/2023","W","519,383","325,377","844,760"
"12/22/2023","W","418,720","267,301","686,021"
"12/23/2023","A","341,975","206,358","548,333"
"12/24/2023","U","247,277","141,693","388,970"
"12/25/2023","U","145,433","80,206","225,639"
"12/26/2023","W","360,458","208,665","569,123"
"12/27/2023","W","403,147","252,136","655,283"
"12/28/2023","W","392,855","253,397","646,252"
"12/29/2023","W","415,822","261,610","677,432"
"12/30/2023","A","340,207","212,901","553,108"
"12/31/2023","U","250,204","187,144","437,348"
"01/01/2024","U","205,964","152,767","358,731"
"01/02/2024","W","417,384","278,216","695,600"
"01/03/2024","W","451,613","307,037","758,650"
"01/04/2024","W","460,277","317,437","777,714"
"01/05/2024","W","445,488","280,897","726,385"
"01/06/2024","A","308,872","196,983","505,855"
"01/07/2024","U","249,187","152,158","401,345"
"01/08/2024","W","517,198","326,817","844,015"
"01/09/2024","W","478,685","330,005","808,690"
"01/10/2024","W","548,560","369,768","918,328"
"01/11/2024","W","552,911","377,922","930,833"
"01/12/2024","W","368,347","239,249","607,596"
"01/13/2024","A","286,037","183,824","469,861"
"01/14/2024","U","146,724","93,057","239,781"
"01/15/2024","W","206,791","127,069","333,860"
"01/16/2024","W","280,514","185,903","466,417"
"01/17/2024","W","466,850","322,741","789,591"
"01/18/2024","W","521,058","362,414","883,472"
"01/19/2024","W","462,986","293,650","756,636"
"01/20/2024","A","301,556","191,705","493,261"
"01/21/2024","U","227,288","147,028","374,316"
"01/22/2024","W","518,106","336,751","854,857"
"01/23/2024","W","521,585","369,664","891,249"
"01/24/2024","W","549,204","389,714","938,918"
"01/25/2024","W","554,313","390,971","945,284"
"01/26/2024","W","534,739","329,826","864,565"
"01/27/2024","A","349,068","222,033","571,101"
"01/28/2024","U","255,458","158,081","413,539"
"01/29/2024","W","545,769","340,556","886,325"
"01/30/2024","W","571,297","388,718","960,015"
"01/31/2024","W","579,236","389,322","968,558"
"02/01/2024","W","601,932","393,012","994,944"
"02/02/2024","W","558,905","329,307","888,212"
"02/03/2024","A","372,165","230,410","602,575"
"02/04/2024","U","274,654","168,339","442,993"
"02/05/2024","W","558,625","339,256","897,881"
"02/06/2024","W","595,983","390,513","986,496"
"02/07/2024","W","595,233","389,227","984,460"
"02/08/2024","W","584,729","391,355","976,084"
"02/09/2024","W","515,769","333,453","849,222"
"02/10/2024","A","373,420","231,891","605,311"
"02/11/2024","U","277,432","165,836","443,268"
"02/12/2024","W","534,181","325,070","859,251"
"02/13/2024","W","598,961","395,880","994,841"
"02/14/2024","W","595,347","397,294","992,641"
"02/15/2024","W","568,392","387,472","955,864"
"02/16/2024","W","533,701","325,332","859,033"
"02/17/2024","A","340,993","224,306","565,299"
"02/18/2024","U","280,002","189,881","469,883"
"02/19/2024","W","417,871","271,357","689,228"
"02/20/2024","W","591,252","389,327","980,579"
"02/21/2024","W","600,241","395,915","996,156"
"02/22/2024","W","587,867","396,466","984,333"
"02/23/2024","W","551,392","336,416","887,808"
"02/24/2024","A","345,189","225,233","570,422"
"02/25/2024","U","280,214","175,446","455,660"
"02/26/2024","W","560,355","347,691","908,046"
"02/27/2024","W","587,359","392,420","979,779"
"02/28/2024","W","549,028","375,242","924,270"
"02/29/2024","W","577,283","386,672","963,955"
"03/01/2024","W","569,569","335,736","905,305"
"03/02/2024","A","389,713","252,550","642,263"
"03/03/2024","U","298,601","184,885","483,486"
"03/04/2024","W","556,051","334,107","890,158"
"03/05/2024","W","570,139","383,689","953,828"
"03/06/2024","W","595,103","393,574","988,677"
"03/07/2024","W","580,398","390,865","971,263"
"03/08/2024","W","488,443","314,783","803,226"
"03/09/2024","A","379,680","245,369","625,049"
"03/10/2024","U","280,181","178,611","458,792"
"03/11/2024","W","567,851","351,801","919,652"
"03/12/2024","W","599,389","411,314","1,010,703"
"03/13/2024","W","597,287","416,180","1,013,467"
"03/14/2024","W","539,322","393,348","932,670"
"03/15/2024","W","566,639","386,514","953,153"
"03/16/2024","A","399,006","499,424","898,430"
"03/17/2024","U","281,004","206,731","487,735"
"03/18/2024","W","535,201","346,463","881,664"
"03/19/2024","W","583,292","396,834","980,126"
"03/20/2024","W","584,856","392,077","976,933"
"03/21/2024","W","564,484","383,735","948,219"
"03/22/2024","W","491,011","318,712","809,723"
"03/23/2024","A","373,194","249,326","622,520"
"03/24/2024","U","279,349","206,108","485,457"
"03/25/2024","W","474,355","319,635","793,990"
"03/26/2024","W","514,563","359,360","873,923"
"03/27/2024","W","515,194","364,672","879,866"
"03/28/2024","W","513,043","374,590","887,633"
"03/29/2024","W","480,044","313,507","793,551"
"03/30/2024","A","375,490","244,072","619,562"
"03/31/2024","U","251,600","158,867","410,467"
"04/01/2024","W","478,962","333,881","812,843"
"04/02/2024","W","570,490","393,519","964,009"
"04/03/2024","W","572,710","395,413","968,123"
"04/04/2024","W","575,373","401,414","976,787"
"04/05/2024","W","576,732","375,602","952,334"
"04/06/2024","A","397,658","286,304","683,962"
"04/07/2024","U","256,839","185,460","442,299"
"04/08/2024","W","560,623","352,426","913,049"
"04/09/2024","W","593,688","400,628","994,316"
"04/10/2024","W","604,655","405,524","1,010,179"
"04/11/2024","W","557,100","397,195","954,295"
"04/12/2024","W","582,983","365,492","948,475"
"04/13/2024","A","412,391","281,343","693,734"
"04/14/2024","U","327,938","210,780","538,718"
"04/15/2024","W","588,349","369,259","957,608"
"04/16/2024","W","599,597","405,400","1,004,997"
"04/17/2024","W","600,084","408,474","1,008,558"
"04/18/2024","W","606,325","417,750","1,024,075"
"04/19/2024","W","591,814","383,321","975,135"
"04/20/2024","A","406,861","279,746","686,607"
"04/21/2024","U","307,107","203,722","510,829"
"04/22/2024","W","576,206","353,190","929,396"
"04/23/2024","W","600,004","410,045","1,010,049"
"04/24/2024","W","599,179","416,815","1,015,994"
"04/25/2024","W","615,343","428,724","1,044,067"
"04/26/2024","W","554,146","355,278","909,424"
"04/27/2024","A","419,731","286,199","705,930"
"04/28/2024","U","293,589","196,481","490,070"
"04/29/2024","W","556,233","349,857","906,090"
"04/30/2024","W","632,501","409,097","1,041,598"
"05/01/2024","W","644,438","416,920","1,061,358"
"05/02/2024","W","600,203","409,105","1,009,308"
"05/03/2024","W","608,085","388,593","996,678"
"05/04/2024","A","418,067","299,808","717,875"
"05/05/2024","U","317,248","226,928","544,176"
"05/06/2024","W","597,540","379,559","977,099"
"05/07/2024","W","572,181","412,646","984,827"
"05/08/2024","W","624,927","443,868","1,068,795"
"05/09/2024","W","569,230","406,557","975,787"
"05/10/2024","W","591,810","378,284","970,094"
"05/11/2024","A","416,481","273,276","689,757"
"05/12/2024","U","318,883","203,067","521,950"
"05/13/2024","W","550,608","349,237","899,845"
"05/14/2024","W","598,482","410,254","1,008,736"
"05/15/2024","W","615,430","419,635","1,035,065"
"05/16/2024","W","601,542","434,466","1,036,008"
"05/17/2024","W","595,193","402,254","997,447"
"05/18/2024","A","430,341","315,833","746,174"
"05/19/2024","U","329,129","250,996","580,125"
"05/20/2024","W","561,715","366,053","927,768"
"05/21/2024","W","618,559","443,937","1,062,496"
"05/22/2024","W","621,123","450,124","1,071,247"
"05/23/2024","W","609,570","457,738","1,067,308"
"05/24/2024","W","557,209","368,883","926,092"
"05/25/2024","A","420,064","342,285","762,349"
"05/26/2024","U","279,820","220,267","500,087"
"05/27/2024","U","306,648","205,186","511,834"
"05/28/2024","W","585,174","396,139","981,313"
"05/29/2024","W","612,055","423,439","1,035,494"
"05/30/2024","W","604,848","424,200","1,029,048"
"05/31/2024","W","590,998","410,904","1,001,902"
"06/01/2024","A","359,226","257,545","616,771"
"06/02/2024","U","347,275","256,837","604,112"
"06/03/2024","W","594,326","377,947","972,273"
"06/04/2024","W","602,909","443,126","1,046,035"
"06/05/2024","W","602,717","450,039","1,052,756"
"06/06/2024","W","606,273","440,625","1,046,898"
"06/07/2024","W","538,174","384,835","923,009"
"06/08/2024","A","388,074","295,372","683,446"
"06/09/2024","U","338,317","265,680","603,997"
"06/10/2024","W","521,105","360,674","881,779"
"06/11/2024","W","556,731","415,884","972,615"
"06/12/2024","W","576,142","423,834","999,976"
"06/13/2024","W","541,343","414,773","956,116"
"06/14/2024","W","536,639","412,548","949,187"
"06/15/2024","A","421,892","329,557","751,449"
"06/16/2024","U","314,305","239,123","553,428"
"06/17/2024","W","500,089","363,300","863,389"
"06/18/2024","W","551,782","426,829","978,611"
"06/19/2024","W","482,860","349,203","832,063"
"06/20/2024","W","548,449","411,020","959,469"
"06/21/2024","W","539,303","406,032","945,335"
"06/22/2024","A","430,009","334,791","764,800"
"06/23/2024","U","333,514","259,057","592,571"
"06/24/2024","W","535,003","366,575","901,578"
"06/25/2024","W","537,591","390,929","928,520"
"06/26/2024","W","586,929","426,272","1,013,201"
"06/27/2024","W","573,982","434,454","1,008,436"
"06/28/2024","W","519,127","372,226","891,353"
"06/29/2024","A","426,204","296,659","722,863"
"06/30/2024","U","332,479","322,925","655,404"
"07/01/2024","W","556,122","362,056","918,178"
"07/02/2024","W","554,430","411,251","965,681"
"07/03/2024","W","575,361","404,738","980,099"
"07/04/2024","U","319,593","237,409","557,002"
"07/05/2024","W","472,097","346,546","818,643"
"07/06/2024","A","400,805","322,596","723,401"
"07/07/2024","U","304,485","241,639","546,124"
"07/08/2024","W","523,371","364,702","888,073"
"07/09/2024","W","543,503","400,891","944,394"
"07/10/2024","W","560,627","409,640","970,267"
"07/11/2024","W","569,850","418,692","988,542"
"07/12/2024","W","548,479","381,120","929,599"
"07/13/2024","A","424,138","300,881","725,019"
"07/14/2024","U","303,034","217,483","520,517"
"07/15/2024","W","514,909","360,359","875,268"
"07/16/2024","W","565,584","408,295","973,879"
"07/17/2024","W","579,034","417,491","996,525"
"07/18/2024","W","563,700","423,510","987,210"
"07/19/2024","W","536,479","407,254","943,733"
"07/20/2024","A","415,213","336,971","752,184"
"07/21/2024","U","336,062","262,703","598,765"
"07/22/2024","W","536,657","384,948","921,605"
"07/23/2024","W","563,934","431,681","995,615"
"07/24/2024","W","574,946","434,300","1,009,246"
"07/25/2024","W","571,492","427,841","999,333"
"07/26/2024","W","543,502","393,133","936,635"
"07/27/2024","A","426,551","328,573","755,124"
"07/28/2024","U","305,854","225,835","531,689"
"07/29/2024","W","499,487","347,579","847,066"
"07/30/2024","W","564,465","418,450","982,915"
"07/31/2024","W","553,120","451,191","1,004,311"
"08/01/2024","W","554,928","506,493","1,061,421"
"08/02/2024","W","540,073","474,521","1,014,594"
"08/03/2024","A","424,966","401,995","826,961"
"08/04/2024","U","330,850","304,125","634,975"
"08/05/2024","W","501,014","373,023","874,037"
"08/06/2024","W","536,195","418,245","954,440"
"08/07/2024","W","572,289","435,129","1,007,418"
"08/08/2024","W","555,177","415,675","970,852"
"08/09/2024","W","534,634","407,471","942,105"
"08/10/2024","A","429,880","355,517","785,397"
"08/11/2024","U","335,905","277,892","613,797"
"08/12/2024","W","511,004","367,635","878,639"
"08/13/2024","W","561,949","432,482","994,431"
"08/14/2024","W","566,338","414,324","980,662"
"08/15/2024","W","519,903","391,361","911,264"
"08/16/2024","W","526,888","392,699","919,587"
"08/17/2024","A","388,616","312,275","700,891"
"08/18/2024","U","319,383","253,295","572,678"
"08/19/2024","W","498,548","335,708","834,256"
"08/20/2024","W","521,241","361,335","882,576"
"08/21/2024","W","528,372","364,450","892,822"
"08/22/2024","W","529,364","377,301","906,665"
"08/23/2024","W","519,640","368,235","887,875"
"08/24/2024","A","404,561","296,195","700,756"
"08/25/2024","U","325,668","239,814","565,482"
"08/26/2024","W","596,306","376,308","972,614"
"08/27/2024","W","583,649","409,119","992,768"
"08/28/2024","W","637,588","442,189","1,079,777"
"08/29/2024","W","644,581","469,123","1,113,704"
"08/30/2024","W","606,824","417,283","1,024,107"
"08/31/2024","A","428,266","353,476","781,742"
"09/01/2024","U","344,967","290,763","635,730"
"09/02/2024","U","325,776","239,695","565,471"
"09/03/2024","W","654,167","437,190","1,091,357"
"09/04/2024","W","653,220","454,140","1,107,360"
"09/05/2024","W","644,748","447,217","1,091,965"
"09/06/2024","W","616,701","434,618","1,051,319"
"09/07/2024","A","409,867","335,343","745,210"
"09/08/2024","U","320,438","267,262","587,700"
"09/09/2024","W","618,371","405,350","1,023,721"
"09/10/2024","W","646,216","451,939","1,098,155"
"09/11/2024","W","655,564","452,664","1,108,228"
"09/12/2024","W","637,736","454,382","1,092,118"
"09/13/2024","W","610,703","407,861","1,018,564"
"09/14/2024","A","412,078","324,266","736,344"
"09/15/2024","U","308,413","257,266","565,679"
"09/16/2024","W","607,976","412,568","1,020,544"
"09/17/2024","W","651,158","466,890","1,118,048"
"09/18/2024","W","655,614","467,380","1,122,994"
"09/19/2024","W","652,616","478,448","1,131,064"
"09/20/2024","W","622,603","444,850","1,067,453"
"09/21/2024","A","433,756","343,362","777,118"
"09/22/2024","U","271,129","219,586","490,715"
"09/23/2024","W","613,582","407,176","1,020,758"
"09/24/2024","W","582,939","434,551","1,017,490"
"09/25/2024","W","669,879","472,330","1,142,209"
"09/26/2024","W","659,106","474,890","1,133,996"
"09/27/2024","W","564,419","418,093","982,512"
"09/28/2024","A","384,642","312,755","697,397"
"09/29/2024","U","312,714","246,922","559,636"
"09/30/2024","W","619,994","406,220","1,026,214"
"10/01/2024","W","675,858","457,355","1,133,213"
"10/02/2024","W","663,546","452,173","1,115,719"
"10/03/2024","W","670,461","454,449","1,124,910"
"10/04/2024","W","619,444","409,598","1,029,042"
"10/05/2024","A","431,370","318,359","749,729"
"10/06/2024","U","336,190","248,486","584,676"
"10/07/2024","W","623,133","406,230","1,029,363"
"10/08/2024","W","652,969","459,661","1,112,630"
"10/09/2024","W","661,361","467,517","1,128,878"
"10/10/2024","W","650,278","485,221","1,135,499"
"10/11/2024","W","624,145","456,909","1,081,054"
"10/12/2024","A","427,732","369,877","797,609"
"10/13/2024","U","280,965","466,771","747,736"
"10/14/2024","W","486,971","384,342","871,313"
"10/15/2024","W","582,685","444,249","1,026,934"
"10/16/2024","W","652,964","462,121","1,115,085"
"10/17/2024","W","650,082","466,090","1,116,172"
"10/18/2024","W","627,426","413,404","1,040,830"
"10/19/2024","A","425,987","354,109","780,096"
"10/20/2024","U","321,239","239,392","560,631"
"10/21/2024","W","619,582","403,752","1,023,334"
"10/22/2024","W","642,373","451,887","1,094,260"
"10/23/2024","W","653,689","461,471","1,115,160"
"10/24/2024","W","654,696","465,121","1,119,817"
"10/25/2024","W","611,655","408,835","1,020,490"
"10/26/2024","A","427,475","296,326","723,801"
"10/27/2024","U","312,965","215,594","528,559"
"10/28/2024","W","611,041","389,359","1,000,400"
"10/29/2024","W","652,674","444,706","1,097,380"
"10/30/2024","W","657,942","451,915","1,109,857"
"10/31/2024","W","605,292","425,596","1,030,888"
"11/01/2024","W","618,998","381,782","1,000,780"
"11/02/2024","A","410,559","281,277","691,836"
"11/03/2024","U","267,845","227,887","495,732"
"11/04/2024","W","553,515","383,217","936,732"
"11/05/2024","W","519,574","379,110","898,684"
"11/06/2024","W","631,969","427,995","1,059,964"
"11/07/2024","W","644,506","450,680","1,095,186"
"11/08/2024","W","601,808","396,291","998,099"
"11/09/2024","A","391,070","288,855","679,925"
"11/10/2024","U","306,889","232,420","539,309"
"11/11/2024","W","556,273","358,572","914,845"
"11/12/2024","W","640,199","437,888","1,078,087"
"11/13/2024","W","633,647","434,362","1,068,009"
"11/14/2024","W","620,448","439,564","1,060,012"
"11/15/2024","W","603,141","397,040","1,000,181"
"11/16/2024","A","399,551","316,374","715,925"
"11/17/2024","U","308,995","233,733","542,728"
"11/18/2024","W","565,097","383,053","948,150"
"11/19/2024","W","639,269","439,683","1,078,952"
"11/20/2024","W","625,498","428,958","1,054,456"
"11/21/2024","W","539,977","414,493","954,470"
"11/22/2024","W","583,958","431,451","1,015,409"
"11/23/2024","A","384,030","340,935","724,965"
"11/24/2024","U","301,518","222,021","523,539"
"11/25/2024","W","512,387","344,627","857,014"
"11/26/2024","W","518,470","356,826","875,296"
"11/27/2024","W","477,247","308,919","786,166"
"11/28/2024","U","190,991","132,382","323,373"
"11/29/2024","W","344,005","224,635","568,640"
"11/30/2024","A","308,864","217,565","526,429"
"12/01/2024","U","251,107","175,212","426,319"
"12/02/2024","W","554,092","349,175","903,267"
"12/03/2024","W","607,733","405,908","1,013,641"
"12/04/2024","W","600,576","411,039","1,011,615"
"12/05/2024","W","564,481","401,576","966,057"
"12/06/2024","W","559,457","371,522","930,979"
"12/07/2024","A","384,908","286,352","671,260"
"12/08/2024","U","310,160","216,292","526,452"
"12/09/2024","W","585,535","364,276","949,811"
"12/10/2024","W","597,740","406,353","1,004,093"
"12/11/2024","W","580,091","398,016","978,107"
"12/12/2024","W","481,459","350,852","832,311"
"12/13/2024","W","521,773","360,766","882,539"
"12/14/2024","A","347,954","262,799","610,753"
"12/15/2024","U","277,186","198,006","475,192"
"12/16/2024","W","551,435","342,529","893,964"
"12/17/2024","W","582,711","391,307","974,018"
"12/18/2024","W","577,854","382,314","960,168"
"12/19/2024","W","552,524","373,795","926,319"
"12/20/2024","W","509,530","326,711","836,241"
"12/21/2024","A","346,988","234,439","581,427"
"12/22/2024","U","271,433","188,272","459,705"
"12/23/2024","W","425,982","267,754","693,736"
"12/24/2024","W","341,225","181,487","522,712"
"12/25/2024","U","146,592","86,287","232,879"
"12/26/2024","W","366,721","225,335","592,056"
"12/27/2024","W","394,689","245,475","640,164"
"12/28/2024","A","348,599","222,891","571,490"
"12/29/2024","U","231,003","158,657","389,660"
"12/30/2024","W","447,644","285,475","733,119"
"12/31/2024","W","386,206","281,447","667,653"
"01/01/2025","U","225,009","190,989","415,998"
"01/02/2025","W","422,094","279,791","701,885"
"01/03/2025","W","431,350","283,675","715,025"
"01/04/2025","A","313,164","211,604","524,768"
"01/05/2025","U","239,450","153,014","392,464"
"01/06/2025","W","480,075","318,068","798,143"
"01/07/2025","W","539,070","371,290","910,360"
"01/08/2025","W","544,855","373,118","917,973"
"01/09/2025","W","550,177","368,934","919,111"
"01/10/2025","W","494,608","312,132","806,740"
"01/11/2025","A","341,087","226,653","567,740"
"01/12/2025","U","247,097","163,835","410,932"
"01/13/2025","W","520,841","342,573","863,414"
"01/14/2025","W","535,915","381,845","917,760"
"01/15/2025","W","548,773","379,995","928,768"
"01/16/2025","W","580,058","395,025","975,083"
"01/17/2025","W","566,655","350,717","917,372"
"01/18/2025","A","352,875","235,950","588,825"
"01/19/2025","U","220,064","146,185","366,249"
"01/20/2025","W","255,814","164,914","420,728"
"01/21/2025","W","294,363","209,433","503,796"
"01/22/2025","W","502,247","348,428","850,675"
"01/23/2025","W","560,708","380,982","941,690"
"01/24/2025","W","517,992","316,577","834,569"
"01/25/2025","A","353,449","229,265","582,714"
"01/26/2025","U","263,357","167,555","430,912"
"01/27/2025","W","557,840","346,652","904,492"
"01/28/2025","W","600,629","398,829","999,458"
"01/29/2025","W","600,988","399,561","1,000,549"
"01/30/2025","W","597,148","395,576","992,724"
"01/31/2025","W","504,505","309,032","813,537"
"02/01/2025","A","375,592","231,851","607,443"
"02/02/2025","U","276,799","172,094","448,893"
"02/03/2025","W","561,089","344,871","905,960"
"02/04/2025","W","601,920","397,482","999,402"
"02/05/2025","W","588,472","392,240","980,712"
"02/06/2025","W","565,576","380,737","946,313"
"02/07/2025","W","568,753","334,477","903,230"
"02/08/2025","A","354,675","225,361","580,036"
"02/09/2025","U","283,740","178,617","462,357"
"02/10/2025","W","566,314","340,368","906,682"
"02/11/2025","W","602,680","394,158","996,838"
"02/12/2025","W","495,987","323,871","819,858"
"02/13/2025","W","561,666","377,046","938,712"
"02/14/2025","W","530,108","327,173","857,281"
"02/15/2025","A","354,572","234,600","589,172"
"02/16/2025","U","276,210","177,108","453,318"
"02/17/2025","W","368,849","239,262","608,111"
"02/18/2025","W","492,897","326,560","819,457"
"02/19/2025","W","550,895","364,221","915,116"
"02/20/2025","W","574,080","380,904","954,984"
"02/21/2025","W","553,951","328,596","882,547"
"02/22/2025","A","370,787","234,375","605,162"
"02/23/2025","U","281,484","174,047","455,531"
"02/24/2025","W","578,860","353,291","932,151"
"02/25/2025","W","575,346","396,347","971,693"
"02/26/2025","W","609,866","397,146","1,007,012"
"02/27/2025","W","613,402","402,457","1,015,859"
"02/28/2025","W","590,955","352,148","943,103"
"03/01/2025","A","380,591","240,413","621,004"
"03/02/2025","U","291,627","180,050","471,677"
"03/03/2025","W","578,006","345,594","923,600"
"03/04/2025","W","580,293","390,147","970,440"
"03/05/2025","W","603,951","397,881","1,001,832"
"03/06/2025","W","619,806","404,819","1,024,625"
"03/07/2025","W","555,241","335,864","891,105"
"03/08/2025","A","398,766","258,254","657,020"
"03/09/2025","U","302,103","192,874","494,977"
"03/10/2025","W","593,786","371,554","965,340"
"03/11/2025","W","626,067","418,826","1,044,893"
"03/12/2025","W","633,486","421,745","1,055,231"
"03/13/2025","W","632,710","433,941","1,066,651"
"03/14/2025","W","610,031","416,441","1,026,472"
"03/15/2025","A","419,140","569,090","988,230"
"03/16/2025","U","273,811","212,415","486,226"
"03/17/2025","W","592,276","388,387","980,663"
"03/18/2025","W","631,010","433,816","1,064,826"
"03/19/2025","W","586,106","410,146","996,252"
"03/20/2025","W","597,866","410,831","1,008,697"
"03/21/2025","W","586,769","365,803","952,572"
"03/22/2025","A","392,188","269,950","662,138"
"03/23/2025","U","273,302","209,303","482,605"
"03/24/2025","W","491,872","320,551","812,423"
"03/25/2025","W","537,207","371,997","909,204"
"03/26/2025","W","545,509","373,308","918,817"
"03/27/2025","W","523,815","375,538","899,353"
"03/28/2025","W","512,649","339,773","852,422"
"03/29/2025","A","387,569","265,050","652,619"
"03/30/2025","U","285,253","189,181","474,434"
"03/31/2025","W","522,245","355,008","877,253"
"04/01/2025","W","600,564","408,193","1,008,757"
"04/02/2025","W","524,319","376,485","900,804"
"04/03/2025","W","660,304","438,577","1,098,881"
"04/04/2025","W","604,237","399,136","1,003,373"
"04/05/2025","A","411,217","329,910","741,127"
"04/06/2025","U","320,063","229,137","549,200"
"04/07/2025","W","577,558","376,220","953,778"
"04/08/2025","W","612,600","431,129","1,043,729"
"04/09/2025","W","613,773","423,298","1,037,071"
"04/10/2025","W","621,071","426,285","1,047,356"
"04/11/2025","W","607,742","388,639","996,381"
"04/12/2025","A","417,636","295,686","713,322"
"04/13/2025","U","322,033","227,473","549,506"
"04/14/2025","W","601,239","382,752","983,991"
"04/15/2025","W","628,715","431,442","1,060,157"
"04/16/2025","W","647,017","439,567","1,086,584"
"04/17/2025","W","618,797","438,225","1,057,022"
"04/18/2025","W","530,317","379,633","909,950"
"04/19/2025","A","398,189","291,288","689,477"
"04/20/2025","U","276,828","192,934","469,762"
"04/21/2025","W","563,978","361,549","925,527"
"04/22/2025","W","635,896","449,995","1,085,891"
"04/23/2025","W","620,545","448,723","1,069,268"
"04/24/2025","W","653,241","448,572","1,101,813"
"04/25/2025","W","580,882","400,327","981,209"
"04/26/2025","A","428,587","317,347","745,934"
"04/27/2025","U","329,874","245,932","575,806"
"04/28/2025","W","604,201","393,731","997,932"
"04/29/2025","W","638,090","439,903","1,077,993"
"04/30/2025","W","632,346","435,347","1,067,693"
"05/01/2025","W","614,811","437,225","1,052,036"
"05/02/2025","W","607,226","387,749","994,975"
"05/03/2025","A","420,608","290,233","710,841"
"05/04/2025","U","303,496","206,686","510,182"
"05/05/2025","W","589,882","399,546","989,428"
"05/06/2025","W","643,704","461,004","1,104,708"
"05/07/2025","W","637,290","458,714","1,096,004"
"05/08/2025","W","624,984","445,646","1,070,630"
"05/09/2025","W","604,932","396,963","1,001,895"
"05/10/2025","A","420,315","296,008","716,323"
"05/11/2025","U","314,094","218,681","532,775"
"05/12/2025","W","573,953","389,496","963,449"
"05/13/2025","W","620,509","449,177","1,069,686"
"05/14/2025","W","629,950","458,800","1,088,750"
"05/15/2025","W","616,122","445,308","1,061,430"
"05/16/2025","W","592,484","436,029","1,028,513"
"05/17/2025","A","414,456","343,401","757,857"
"05/18/2025","U","335,172","284,891","620,063"
"05/19/2025","W","573,428","390,230","963,658"
"05/20/2025","W","553,818","404,774","958,592"
"05/21/2025","W","599,362","425,319","1,024,681"
"05/22/2025","W","608,486","447,897","1,056,383"
"05/23/2025","W","586,037","396,204","982,241"
"05/24/2025","A","410,761","342,808","753,569"
"05/25/2025","U","331,906","272,960","604,866"
"05/26/2025","U","320,282","242,292","562,574"
"05/27/2025","W","593,862","422,731","1,016,593"
"05/28/2025","W","587,320","433,959","1,021,279"
"05/29/2025","W","615,721","440,293","1,056,014"
"05/30/2025","W","591,406","415,802","1,007,208"
"05/31/2025","A","421,327","334,489","755,816"
"06/01/2025","U","322,578","268,696","591,274"
"06/02/2025","W","584,625","397,717","982,342"
"06/03/2025","W","630,210","448,413","1,078,623"
"06/04/2025","W","567,567","422,523","990,090"
"06/05/2025","W","621,275","456,561","1,077,836"
"06/06/2025","W","585,906","427,847","1,013,753"
"06/07/2025","A","431,202","347,676","778,878"
"06/08/2025","U","330,390","266,245","596,635"
"06/09/2025","W","563,488","394,008","957,496"
"06/10/2025","W","598,056","460,364","1,058,420"
"06/11/2025","W","615,905","457,654","1,073,559"
"06/12/2025","W","597,722","483,910","1,081,632"
"06/13/2025","W","524,099","424,996","949,095"
"06/14/2025","A","410,694","435,787","846,481"
"06/15/2025","U","328,845","273,439","602,284"
"06/16/2025","W","527,665","378,666","906,331"
"06/17/2025","W","570,086","464,308","1,034,394"
"06/18/2025","W","517,630","417,493","935,123"
"06/19/2025","W","494,295","389,226","883,521"
"06/20/2025","W","538,237","427,618","965,855"
"06/21/2025","A","413,637","354,634","768,271"
"06/22/2025","U","313,881","266,745","580,626"
"06/23/2025","W","503,644","371,307","874,951"
"06/24/2025","W","551,167","423,488","974,655"
"06/25/2025","W","571,409","444,413","1,015,822"
"06/26/2025","W","561,301","471,300","1,032,601"
"06/27/2025","W","543,140","416,639","959,779"
"06/28/2025","A","427,366","337,560","764,926"
"06/29/2025","U","316,118","323,242","639,360"
"06/30/2025","W","534,839","376,363","911,202"
"07/01/2025","W","602,025","451,361","1,053,386"
"07/02/2025","W","578,603","438,612","1,017,215"
"07/03/2025","W","553,468","425,260","978,728"
"07/04/2025","U","316,641","277,046","593,687"
"07/05/2025","A","371,741","332,533","704,274"
"07/06/2025","U","294,228","264,632","558,860"
"07/07/2025","W","539,247","392,503","931,750"
"07/08/2025","W","564,820","436,204","1,001,024"
"07/09/2025","W","577,539","439,416","1,016,955"
"07/10/2025","W","583,325","447,221","1,030,546"
"07/11/2025","W","526,443","400,995","927,438"
"07/12/2025","A","422,226","330,530","752,756"
"07/13/2025","U","334,662","261,931","596,593"
"07/14/2025","W","544,793","384,117","928,910"
"07/15/2025","W","579,537","439,047","1,018,584"
"07/16/2025","W","562,232","432,866","995,098"
"07/17/2025","W","573,201","460,177","1,033,378"
"07/18/2025","W","559,448","460,345","1,019,793"
"07/19/2025","A","394,966","354,215","749,181"
"07/20/2025","U","328,751","293,401","622,152"
"07/21/2025","W","518,203","421,916","940,119"
"07/22/2025","W","581,470","479,560","1,061,030"
"07/23/2025","W","569,940","467,479","1,037,419"
"07/24/2025","W","527,958","425,053","953,011"
"07/25/2025","W","509,522","409,303","918,825"
"07/26/2025","A","397,737","363,680","761,417"
"07/27/2025","U","326,681","279,111","605,792"
"07/28/2025","W","506,057","379,574","885,631"
"07/29/2025","W","557,055","446,674","1,003,729"
"07/30/2025","W","537,534","466,281","1,003,815"
"07/31/2025","W","567,414","542,673","1,110,087"
