Date,Whitehall Terminal,St. George Terminal
03/01/2020,15965,14925
03/02/2020,30952,30793
03/03/2020,29396,28838
03/04/2020,30430,29924
03/05/2020,30586,30242
03/06/2020,27294,27161
03/07/2020,19073,18573
03/08/2020,16584,15232
03/09/2020,30643,30348
03/10/2020,27526,27012
03/11/2020,27151,26522
03/12/2020,23962,23564
03/13/2020,21520,20984
03/14/2020,12761,11618
03/15/2020,9629,8462
03/16/2020,14664,14309
03/17/2020,12314,11863
03/18/2020,11456,11189
03/19/2020,9817,9575
03/20/2020,9302,8841
03/21/2020,4975,4584
03/22/2020,3510,3195
03/23/2020,5643,5527
03/24/2020,6044,5737
03/25/2020,5475,5422
03/26/2020,5616,5302
03/27/2020,5400,5264
03/28/2020,3042,2827
03/29/2020,2600,2383
03/30/2020,4448,4393
03/31/2020,4097,3995
04/01/2020,4273,4167
04/02/2020,4125,3916
04/03/2020,3981,3821
04/04/2020,2545,2317
04/05/2020,2259,2034
04/06/2020,3724,3626
04/07/2020,3653,3469
04/08/2020,2767,3478
04/09/2020,2300,3256
04/10/2020,2171,3298
04/11/2020,1659,2453
04/12/2020,1494,2078
04/13/2020,2209,3049
04/14/2020,2593,3691
04/15/2020,2761,3649
04/16/2020,2794,3696
04/17/2020,2780,3709
04/18/2020,1700,2307
04/19/2020,1769,2263
04/20/2020,2696,3805
04/21/2020,2585,3396
04/22/2020,2965,3853
04/23/2020,2619,3743
04/24/2020,2790,3602
04/25/2020,2354,2959
04/26/2020,1656,2078
04/27/2020,2879,3820
04/28/2020,3279,4120
04/29/2020,3128,3993
04/30/2020,2836,3640
05/01/2020,4036,4015
05/02/2020,3641,3292
05/03/2020,3144,2765
05/04/2020,4491,4387
05/05/2020,4417,4241
05/06/2020,4268,4029
05/07/2020,4708,4534
05/08/2020,4456,4192
05/09/2020,3164,3055
05/10/2020,3443,3118
05/11/2020,4387,4289
05/12/2020,4467,4440
05/13/2020,4416,4607
05/14/2020,4527,4587
05/15/2020,4777,4884
05/16/2020,4132,3872
05/17/2020,3374,3068
05/18/2020,4932,4792
05/19/2020,5102,4836
05/20/2020,5051,4854
05/21/2020,5246,4973
05/22/2020,5384,5033
05/23/2020,3291,3062
05/24/2020,3973,3614
05/25/2020,4096,3936
05/26/2020,5704,5518
05/27/2020,6056,5690
05/28/2020,5610,5290
05/29/2020,5650,5384
05/30/2020,4396,4011
05/31/2020,4037,3693
06/01/2020,6280,5815
06/02/2020,6462,5482
06/03/2020,5678,5359
06/04/2020,6006,5621
06/05/2020,5697,5423
06/06/2020,4449,4104
06/07/2020,4324,3926
06/08/2020,6938,6595
06/09/2020,7267,6794
06/10/2020,7526,7038
06/11/2020,6632,6225
06/12/2020,7785,7368
06/13/2020,6033,5420
06/14/2020,5242,4854
06/15/2020,7560,7197
06/16/2020,7791,7371
06/17/2020,7953,7497
06/18/2020,7828,7369
06/19/2020,8395,7968
06/20/2020,6149,5681
06/21/2020,5773,4969
06/22/2020,8435,8160
06/23/2020,8675,8096
06/24/2020,8721,8231
06/25/2020,8927,8340
06/26/2020,9183,8596
06/27/2020,6118,5500
06/28/2020,5941,5336
06/29/2020,9047,8619
06/30/2020,9054,8470
07/01/2020,9124,8466
07/02/2020,9744,9306
07/03/2020,7736,7177
07/04/2020,7901,7140
07/05/2020,6614,6010
07/06/2020,9041,8548
07/07/2020,9729,9106
07/08/2020,9612,9019
07/09/2020,10237,9825
07/10/2020,8008,7476
07/11/2020,6728,6237
07/12/2020,7523,6876
07/13/2020,9743,9331
07/14/2020,10265,9822
07/15/2020,9962,9375
07/16/2020,10486,9925
07/17/2020,9822,9069
07/18/2020,8209,7721
07/19/2020,6521,5935
07/20/2020,9319,8916
07/21/2020,10264,9737
07/22/2020,10090,9314
07/23/2020,9735,9134
07/24/2020,9733,9296
07/25/2020,8826,8296
07/26/2020,7268,6685
07/27/2020,10094,9658
07/28/2020,10052,9538
07/29/2020,10743,10212
07/30/2020,10465,9935
07/31/2020,10350,9713
08/01/2020,9285,8644
08/02/2020,6943,6459
08/03/2020,10656,10146
08/04/2020,6639,6679
08/05/2020,11116,10529
08/06/2020,11088,10299
08/07/2020,9992,10065
08/08/2020,6975,8149
08/09/2020,6877,7367
08/10/2020,9124,10515
08/11/2020,8995,10354
08/12/2020,8533,9884
08/13/2020,8728,9539
08/14/2020,11336,10915
08/15/2020,9501,7860
08/16/2020,5816,5364
08/17/2020,11244,9698
08/18/2020,11698,10391
08/19/2020,10536,11162
08/20/2020,13069,10323
08/21/2020,12657,11149
08/22/2020,10300,8210
08/23/2020,9105,6610
08/24/2020,13231,10401
08/25/2020,10806,9609
08/26/2020,11502,11351
08/27/2020,10663,10545
08/28/2020,10968,10965
08/29/2020,7201,6940
08/30/2020,8908,8719
08/31/2020,10658,10441
09/01/2020,10682,10424
09/02/2020,10165,9922
09/03/2020,10996,10796
09/04/2020,11629,11561
09/05/2020,10396,10098
09/06/2020,10040,9312
09/07/2020,8766,8678
09/08/2020,11188,11101
09/09/2020,11296,11210
09/10/2020,10024,9674
09/11/2020,12107,12258
09/12/2020,10216,9813
09/13/2020,8033,7404
09/14/2020,10864,10605
09/15/2020,11405,11136
09/16/2020,11063,10786
09/17/2020,11216,11044
09/18/2020,11617,11543
09/19/2020,9712,9460
09/20/2020,7783,7405
09/21/2020,11005,10777
09/22/2020,11207,11086
09/23/2020,11471,11274
09/24/2020,11178,11281
09/25/2020,11784,11870
09/26/2020,10103,9690
09/27/2020,8285,7852
09/28/2020,11171,10884
09/29/2020,10670,10407
09/30/2020,11031,10640
10/01/2020,11682,11645
10/02/2020,11618,11556
10/03/2020,10432,10258
10/04/2020,8191,7506
10/05/2020,11938,11891
10/06/2020,12491,12292
10/07/2020,11964,11743
10/08/2020,12079,11865
10/09/2020,11856,12130
10/10/2020,10839,10397
10/11/2020,8282,7693
10/12/2020,7986,7856
10/13/2020,10630,10572
10/14/2020,11930,11821
10/15/2020,12038,11990
10/16/2020,10257,9868
10/17/2020,10550,9242
10/18/2020,8087,7651
10/19/2020,11116,10996
10/20/2020,11084,10984
10/21/2020,11371,11127
10/22/2020,11349,11243
10/23/2020,11837,11889
10/24/2020,10151,9658
10/25/2020,7625,6998
10/26/2020,10405,10310
10/27/2020,11453,11241
10/28/2020,11034,10931
10/29/2020,9912,9696
10/30/2020,10520,10408
10/31/2020,8666,8716
11/01/2020,6434,5705
11/02/2020,10931,10692
11/03/2020,9987,9969
11/04/2020,10762,10572
11/05/2020,11576,11452
11/06/2020,11751,12048
11/07/2020,10195,9895
11/08/2020,8948,8516
11/09/2020,11140,11064
11/10/2020,12106,11688
11/11/2020,9713,9671
11/12/2020,10540,10474
11/13/2020,11079,10877
11/14/2020,9177,8933
11/15/2020,6343,6123
11/16/2020,11003,10799
11/17/2020,10946,10642
11/18/2020,10807,10605
11/19/2020,10620,10466
11/20/2020,11352,11411
11/21/2020,8532,8365
11/22/2020,6475,6072
11/23/2020,10211,10296
11/24/2020,10940,10899
11/25/2020,11174,10743
11/26/2020,6044,6392
11/27/2020,9506,9585
11/28/2020,8322,8408
11/29/2020,6924,6910
11/30/2020,9395,9119
12/01/2020,11099,10765
12/02/2020,10632,10480
12/03/2020,10859,10799
12/04/2020,10502,10455
12/05/2020,6566,6297
12/06/2020,6738,6507
12/07/2020,10407,10320
12/08/2020,10510,10444
12/09/2020,10184,9985
12/10/2020,10837,10747
12/11/2020,11335,11385
12/12/2020,7645,7768
12/13/2020,7807,7418
12/14/2020,9534,9375
12/15/2020,10839,10708
12/16/2020,8774,8868
12/17/2020,5487,4951
12/18/2020,10252,10044
12/19/2020,7536,7318
12/20/2020,6070,5932
12/21/2020,10746,10674
12/22/2020,11226,11193
12/23/2020,11303,11087
12/24/2020,9102,8739
12/25/2020,5238,5086
12/26/2020,8177,7941
12/27/2020,7483,7425
12/28/2020,11507,11455
12/29/2020,11154,10984
12/30/2020,11443,11318
12/31/2020,9160,9343
01/01/2021,6846,6240
01/02/2021,10257,10175
01/03/2021,5360,5208
01/04/2021,10221,10218
01/05/2021,10445,10300
01/06/2021,10340,10117
01/07/2021,10091,9890
01/08/2021,10105,10117
01/09/2021,7292,7147
01/10/2021,6183,6020
01/11/2021,9761,9842
01/12/2021,10297,10245
01/13/2021,10250,10079
01/14/2021,10165,10110
01/15/2021,10224,10146
01/16/2021,7289,7178
01/17/2021,6864,6609
01/18/2021,8464,8250
01/19/2021,10348,10254
01/20/2021,9484,9452
01/21/2021,10049,9992
01/22/2021,10453,10506
01/23/2021,7120,6978
01/24/2021,5665,5511
01/25/2021,10057,9951
01/26/2021,9124,8950
01/27/2021,10070,9954
01/28/2021,9835,9718
01/29/2021,8938,8940
01/30/2021,6579,6451
01/31/2021,5205,5090
02/01/2021,3365,3558
02/02/2021,5197,4952
02/03/2021,9437,9364
02/04/2021,10084,10012
02/05/2021,10228,10057
02/06/2021,7706,7524
02/07/2021,4143,3880
02/08/2021,9747,9622
02/09/2021,9540,9485
02/10/2021,10102,9990
02/11/2021,9585,9402
02/12/2021,9868,9914
02/13/2021,7505,7364
02/14/2021,6486,6384
02/15/2021,7600,7296
02/16/2021,10303,10155
02/17/2021,10736,10686
02/18/2021,7699,7653
02/19/2021,8716,8633
02/20/2021,7513,7465
02/21/2021,6585,6301
02/22/2021,9475,9286
02/23/2021,10396,10297
02/24/2021,10933,10847
02/25/2021,10750,10653
02/26/2021,11052,11099
02/27/2021,7099,7050
02/28/2021,5957,5790
03/01/2021,10273,10156
03/02/2021,10411,10324
03/03/2021,11056,11036
03/04/2021,10667,10514
03/05/2021,10835,10943
03/06/2021,8008,7645
03/07/2021,6838,6695
03/08/2021,10638,10357
03/09/2021,11431,11490
03/10/2021,11148,10864
03/11/2021,11807,11826
03/12/2021,11815,12021
03/13/2021,9266,9174
03/14/2021,4810,7158
03/15/2021,11730,10396
03/16/2021,10607,10541
03/17/2021,10923,10914
03/18/2021,9891,9652
03/19/2021,11026,11229
03/20/2021,10277,10059
03/21/2021,9092,8714
03/22/2021,11164,11108
03/23/2021,11483,11451
03/24/2021,10495,10289
03/25/2021,11241,11308
03/26/2021,11994,11874
03/27/2021,10767,10804
03/28/2021,5834,5453
03/29/2021,12087,12125
03/30/2021,15166,15041
03/31/2021,12202,11984
04/01/2021,11922,12069
04/02/2021,11261,11249
04/03/2021,11270,11034
04/04/2021,9101,8756
04/05/2021,11872,11781
04/06/2021,12177,12122
04/07/2021,12136,12071
04/08/2021,11531,11696
04/09/2021,12303,12095
04/10/2021,10424,10313
04/11/2021,5994,5450
04/12/2021,10515,10392
04/13/2021,11773,11797
04/14/2021,11723,11643
04/15/2021,10385,10044
04/16/2021,11605,11646
04/17/2021,10656,10423
04/18/2021,9021,8498
04/19/2021,11493,11380
04/20/2021,12745,12799
04/21/2021,10877,10623
04/22/2021,11294,11358
04/23/2021,12576,12826
04/24/2021,12228,12084
04/25/2021,7184,6633
04/26/2021,11479,11493
04/27/2021,11916,11792
04/28/2021,12791,12823
04/29/2021,11192,10971
04/30/2021,12310,12547
05/01/2021,11216,10812
05/02/2021,9806,9455
05/03/2021,11391,11113
05/04/2021,12100,12189
05/05/2021,11049,10990
05/06/2021,12961,12904
05/07/2021,13256,13218
05/08/2021,9242,8911
05/09/2021,8476,7852
05/10/2021,11719,11617
05/11/2021,12746,12706
05/12/2021,12622,12585
05/13/2021,13403,13349
05/14/2021,14279,14447
05/15/2021,13904,13571
05/16/2021,10706,10117
05/17/2021,13136,13149
05/18/2021,13523,13367
05/19/2021,13644,13378
05/20/2021,13625,13515
05/21/2021,14777,14769
05/22/2021,13920,13540
05/23/2021,11709,11023
05/24/2021,13093,12903
05/25/2021,14031,13932
05/26/2021,13396,13179
05/27/2021,14309,14229
05/28/2021,13381,12929
05/29/2021,13242,13029
05/30/2021,9661,9445
05/31/2021,7596,7198
06/01/2021,14221,14239
06/02/2021,14152,14081
06/03/2021,12773,12427
06/04/2021,13365,13482
06/05/2021,15456,15162
06/06/2021,12241,11453
06/07/2021,14654,14507
06/08/2021,13930,13635
06/09/2021,14490,14287
06/10/2021,16066,15509
06/11/2021,15321,15442
06/12/2021,14898,14233
06/13/2021,12762,12112
06/14/2021,13986,13832
06/15/2021,15620,15622
06/16/2021,15987,15606
06/17/2021,16190,16045
06/18/2021,17280,17368
06/19/2021,14880,14240
06/20/2021,13085,12337
06/21/2021,15751,15669
06/22/2021,13907,13590
06/23/2021,17018,16828
06/24/2021,16666,16385
06/25/2021,17477,17595
06/26/2021,15268,14857
06/27/2021,14342,14065
06/28/2021,16497,15915
06/29/2021,15721,15589
06/30/2021,15662,15252
07/01/2021,14312,14125
07/02/2021,15765,15659
07/03/2021,13308,12744
07/04/2021,17045,17400
07/05/2021,16913,15992
07/06/2021,16659,16496
07/07/2021,16968,16606
07/08/2021,15427,15040
07/09/2021,15255,15218
07/10/2021,16144,15709
07/11/2021,13169,12567
07/12/2021,15431,15141
07/13/2021,16702,16588
07/14/2021,16562,16247
07/15/2021,18035,17807
07/16/2021,17950,18058
07/17/2021,14136,13670
07/18/2021,13830,13158
07/19/2021,16964,16708
07/20/2021,17106,16967
07/21/2021,16299,15756
07/22/2021,18605,18388
07/23/2021,18315,18373
07/24/2021,17866,17293
07/25/2021,13694,12930
07/26/2021,17313,17239
07/27/2021,17510,17446
07/28/2021,17482,17144
07/29/2021,15289,14537
07/30/2021,18061,18449
07/31/2021,17674,17189
08/01/2021,12881,11938
08/02/2021,17308,17198
08/03/2021,17525,17174
08/04/2021,16818,16586
08/05/2021,17318,17106
08/06/2021,17164,17676
08/07/2021,16110,15741
08/08/2021,12096,11247
08/09/2021,16737,16495
08/10/2021,16058,15783
08/11/2021,16474,16138
08/12/2021,15705,15551
08/13/2021,16169,16287
08/14/2021,14209,13584
08/15/2021,14299,13656
08/16/2021,16681,16435
08/17/2021,16803,16550
08/18/2021,15918,15801
08/19/2021,15873,15702
08/20/2021,16351,16499
08/21/2021,13848,13353
08/22/2021,4539,4008
08/23/2021,12940,12734
08/24/2021,16722,16554
08/25/2021,16267,16014
08/26/2021,16074,15660
08/27/2021,15125,14913
08/28/2021,12544,12114
08/29/2021,12573,21066
08/30/2021,14973,14572
08/31/2021,15882,15519
09/01/2021,12373,11973
09/02/2021,10836,10889
09/03/2021,15787,16146
09/04/2021,16446,15557
09/05/2021,13435,12540
09/06/2021,13844,13377
09/07/2021,15692,15733
09/08/2021,15530,15156
09/09/2021,13989,13932
09/10/2021,17872,17704
09/11/2021,16502,16149
09/12/2021,13075,12060
09/13/2021,17009,16485
09/14/2021,17413,17017
09/15/2021,17408,17100
09/16/2021,15784,15598
09/17/2021,17027,17088
09/18/2021,16515,16281
09/19/2021,14723,13833
09/20/2021,17622,17268
09/21/2021,17536,17281
09/22/2021,17249,17027
09/23/2021,16835,16391
09/24/2021,18267,17966
09/25/2021,16400,16291
09/26/2021,16174,14455
09/27/2021,17593,17321
09/28/2021,15869,15672
09/29/2021,17166,16990
09/30/2021,17244,17069
10/01/2021,17997,18352
10/02/2021,15764,15368
10/03/2021,13908,12749
10/04/2021,16294,16015
10/05/2021,17163,16925
10/06/2021,17322,17085
10/07/2021,18147,18288
10/08/2021,18640,18996
10/09/2021,15827,15525
10/10/2021,11346,10594
10/11/2021,16276,16027
10/12/2021,18063,17980
10/13/2021,17711,17567
10/14/2021,18528,18660
10/15/2021,19438,19712
10/16/2021,14903,14597
10/17/2021,13143,12486
10/18/2021,17380,17402
10/19/2021,17475,17727
10/20/2021,17630,17673
10/21/2021,18143,18112
10/22/2021,18694,18917
10/23/2021,14392,14066
10/24/2021,12971,12253
10/25/2021,18037,17907
10/26/2021,13173,12834
10/27/2021,17084,17296
10/28/2021,18373,18420
10/29/2021,17556,17526
10/30/2021,12224,12314
10/31/2021,12487,12301
11/01/2021,18310,17488
11/02/2021,15392,15248
11/03/2021,17606,17503
11/04/2021,17451,17337
11/05/2021,18265,18438
11/06/2021,15041,14663
11/07/2021,26981,13534
11/08/2021,17673,17620
11/09/2021,18037,17998
11/10/2021,18117,18131
11/11/2021,17205,16843
11/12/2021,17268,17338
11/13/2021,14179,13807
11/14/2021,12419,11478
11/15/2021,17221,17147
11/16/2021,17638,17616
11/17/2021,17673,17523
11/18/2021,18679,18787
11/19/2021,18386,18649
11/20/2021,14639,14230
11/21/2021,13142,12126
11/22/2021,18397,17877
11/23/2021,19279,18874
11/24/2021,19723,19222
11/25/2021,14700,13108
11/26/2021,15323,15709
11/27/2021,15528,15769
11/28/2021,11187,10734
11/29/2021,17466,18132
11/30/2021,17211,17253
12/01/2021,18118,18023
12/02/2021,18732,18787
12/03/2021,19955,20272
12/04/2021,17030,16654
12/05/2021,13709,12791
12/06/2021,19320,19226
12/07/2021,19391,19146
12/08/2021,17710,17648
12/09/2021,18429,18447
12/10/2021,19584,19679
12/11/2021,15262,15020
12/12/2021,14029,13164
12/13/2021,18527,18415
12/14/2021,18058,17966
12/15/2021,17481,17452
12/16/2021,18046,18139
12/17/2021,19056,19191
12/18/2021,12410,12004
12/19/2021,13420,12834
12/20/2021,18322,18239
12/21/2021,18237,18113
12/22/2021,17234,17073
12/23/2021,16924,16763
12/24/2021,12370,11794
12/25/2021,10312,9914
12/26/2021,17632,17199
12/27/2021,17885,17700
12/28/2021,20477,20288
12/29/2021,17446,17221
12/30/2021,19177,18957
12/31/2021,13438,14031
01/01/2022,10327,8918
01/02/2022,12372,12053
01/03/2022,13465,13441
01/04/2022,14519,14340
01/05/2022,12710,12664
01/06/2022,14368,14259
01/07/2022,10927,11078
01/08/2022,9826,9869
01/09/2022,7144,6648
01/10/2022,13419,13333
01/11/2022,12018,11851
01/12/2022,13357,13219
01/13/2022,14110,14012
01/14/2022,14241,14301
01/15/2022,8784,8521
01/16/2022,7881,7445
01/17/2022,8790,8777
01/18/2022,13913,14001
01/19/2022,14383,14316
01/20/2022,12884,12786
01/21/2022,13432,13666
01/22/2022,9418,9416
01/23/2022,8038,7673
01/24/2022,14036,14008
01/25/2022,14685,14577
01/26/2022,14057,13776
01/27/2022,14165,14204
01/28/2022,14344,14924
01/29/2022,3773,3535
01/30/2022,6923,6518
01/31/2022,13814,13827
02/01/2022,14409,14279
02/02/2022,15468,15320
02/03/2022,14517,14356
02/04/2022,13347,13380
02/05/2022,10488,10709
02/06/2022,9219,8525
02/07/2022,14481,14460
02/08/2022,16327,16259
02/09/2022,16599,16340
02/10/2022,16855,16954
02/11/2022,16559,17038
02/12/2022,14429,14446
02/13/2022,7982,7030
02/14/2022,16042,16349
02/15/2022,16262,15998
02/16/2022,16331,16309
02/17/2022,17261,17281
02/18/2022,16490,16756
02/19/2022,11762,11669
02/20/2022,11903,11142
02/21/2022,15116,14957
02/22/2022,15338,15371
02/23/2022,18890,18933
02/24/2022,16432,16339
02/25/2022,13857,13965
02/26/2022,12627,12660
02/27/2022,10964,10367
02/28/2022,16487,16384
03/01/2022,16893,16954
03/02/2022,17503,17397
03/03/2022,17249,17094
03/04/2022,16961,17125
03/05/2022,13519,13406
03/06/2022,11629,10994
03/07/2022,17879,17667
03/08/2022,18060,17831
03/09/2022,15082,14825
03/10/2022,18534,18645
03/11/2022,19843,19914
03/12/2022,8984,8694
03/13/2022,7465,10225
03/14/2022,19890,19958
03/15/2022,20153,20005
03/16/2022,20994,20752
03/17/2022,17244,17205
03/18/2022,23425,23700
03/19/2022,14853,14406
03/20/2022,13229,12408
03/21/2022,19684,19490
03/22/2022,19769,19417
03/23/2022,18273,18186
03/24/2022,16170,16278
03/25/2022,20690,20915
03/26/2022,15255,14858
03/27/2022,12482,11679
03/28/2022,16889,16737
03/29/2022,18219,18120
03/30/2022,18134,18105
03/31/2022,18396,18491
04/01/2022,18766,18909
04/02/2022,16831,16726
04/03/2022,10334,9315
04/04/2022,20798,20650
04/05/2022,19471,19354
04/06/2022,17211,17128
04/07/2022,16531,16431
04/08/2022,22178,22225
04/09/2022,16777,16126
04/10/2022,13965,13254
04/11/2022,24447,24096
04/12/2022,22658,22388
04/13/2022,22659,22396
04/14/2022,22930,22862
04/15/2022,24426,24430
04/16/2022,19785,18932
04/17/2022,15209,14243
04/18/2022,19811,19873
04/19/2022,18746,18614
04/20/2022,23468,23152
04/21/2022,20487,20143
04/22/2022,22749,22857
04/23/2022,15982,15462
04/24/2022,13717,12756
04/25/2022,18638,18563
04/26/2022,18122,17777
04/27/2022,19290,19112
04/28/2022,19603,19414
04/29/2022,20402,20759
04/30/2022,17907,17821
05/01/2022,16446,39265
05/02/2022,16986,16752
05/03/2022,21648,21668
05/04/2022,18300,17960
05/05/2022,22349,22431
05/06/2022,17304,17184
05/07/2022,10495,9687
05/08/2022,12894,12055
05/09/2022,21919,22061
05/10/2022,21465,20370
05/11/2022,20435,20112
05/12/2022,20843,21228
05/13/2022,19618,19720
05/14/2022,15037,14433
05/15/2022,16055,15109
05/16/2022,18345,18144
05/17/2022,21862,21936
05/18/2022,20621,20441
05/19/2022,19593,18654
05/20/2022,20784,20741
05/21/2022,20771,20315
05/22/2022,17512,16501
05/23/2022,21307,21252
05/24/2022,20512,20204
05/25/2022,21270,21099
05/26/2022,21321,21012
05/27/2022,20386,19889
05/28/2022,17027,16674
05/29/2022,22589,22914
05/30/2022,20087,19247
05/31/2022,20687,20674
06/01/2022,19824,19332
06/02/2022,19568,19929
06/03/2022,21372,21420
06/04/2022,19386,18910
06/05/2022,16841,15865
06/06/2022,22129,21969
06/07/2022,21545,21078
06/08/2022,21464,21528
06/09/2022,20581,20371
06/10/2022,22239,22463
06/11/2022,18421,17718
06/12/2022,13400,12177
06/13/2022,22525,22317
06/14/2022,22100,21603
06/15/2022,21795,21547
06/16/2022,20033,19696
06/17/2022,22288,22283
06/18/2022,18178,17527
06/19/2022,18128,17029
06/20/2022,19869,19650
06/21/2022,21001,20808
06/22/2022,18894,18543
06/23/2022,20647,20805
06/24/2022,22618,22646
06/25/2022,20760,20461
06/26/2022,18859,18464
06/27/2022,19541,18672
06/28/2022,23813,23761
06/29/2022,23110,22515
06/30/2022,22915,22504
07/01/2022,22934,22482
07/02/2022,19880,18992
07/03/2022,22144,21146
07/04/2022,19165,19044
07/05/2022,22155,21456
07/06/2022,23358,23112
07/07/2022,22978,22658
07/08/2022,21800,21614
07/09/2022,20916,20504
07/10/2022,19158,18051
07/11/2022,23025,22752
07/12/2022,22721,22341
07/13/2022,23047,22632
07/14/2022,23286,22888
07/15/2022,23396,23470
07/16/2022,20184,19506
07/17/2022,18638,17735
07/18/2022,19846,19518
07/19/2022,24272,23886
07/20/2022,23118,22924
07/21/2022,21653,21577
07/22/2022,22765,22768
07/23/2022,20600,19716
07/24/2022,17918,16908
07/25/2022,20858,20380
07/26/2022,24770,24285
07/27/2022,24023,23523
07/28/2022,22688,22324
07/29/2022,22907,22796
07/30/2022,22453,21858
07/31/2022,19139,17853
08/01/2022,20377,19959
08/02/2022,24477,24198
08/03/2022,18492,21588
08/04/2022,19487,16831
08/05/2022,21976,21818
08/06/2022,20402,19728
08/07/2022,17348,16398
08/08/2022,22861,22510
08/09/2022,22042,21589
08/10/2022,22741,22303
08/11/2022,22314,22166
08/12/2022,23667,23594
08/13/2022,22467,21795
08/14/2022,19476,18210
08/15/2022,22650,22373
08/16/2022,23218,22822
08/17/2022,22006,21653
08/18/2022,23045,22734
08/19/2022,22970,23039
08/20/2022,21194,20720
08/21/2022,18040,17995
08/22/2022,18755,18439
08/23/2022,22407,22320
08/24/2022,23046,22694
08/25/2022,23330,22937
08/26/2022,21205,21545
08/27/2022,20194,19815
08/28/2022,17203,16630
08/29/2022,21877,21538
08/30/2022,21424,20921
08/31/2022,21135,20921
09/01/2022,21894,21767
09/02/2022,22351,22356
09/03/2022,22753,22134
09/04/2022,21933,20863
09/05/2022,17177,16576
09/06/2022,16614,16236
09/07/2022,20327,20285
09/08/2022,23092,22784
09/09/2022,22604,22801
09/10/2022,20103,19428
09/11/2022,13663,12521
09/12/2022,21975,21796
09/13/2022,21387,21211
09/14/2022,22764,22593
09/15/2022,22358,22211
09/16/2022,22796,22864
09/17/2022,19895,19872
09/18/2022,16413,16460
09/19/2022,21611,21364
09/20/2022,22612,22634
09/21/2022,22930,22677
09/22/2022,20399,19686
09/23/2022,23240,23505
09/24/2022,20182,20144
09/25/2022,16907,14640
09/26/2022,22160,21746
09/27/2022,21220,20901
09/28/2022,21658,21736
09/29/2022,22075,21988
09/30/2022,21665,21706
10/01/2022,11923,11651
10/02/2022,10459,9666
10/03/2022,19887,19720
10/04/2022,17604,17442
10/05/2022,18280,18458
10/06/2022,25480,25585
10/07/2022,24509,24248
10/08/2022,20782,20153
10/09/2022,24075,23121
10/10/2022,21263,20942
10/11/2022,23834,23736
10/12/2022,24845,24559
10/13/2022,19973,19927
10/14/2022,23404,23646
10/15/2022,19794,19380
10/16/2022,16322,15160
10/17/2022,20526,20353
10/18/2022,22596,22460
10/19/2022,21774,21674
10/20/2022,21920,21756
10/21/2022,22811,22775
10/22/2022,20427,20051
10/23/2022,13828,12719
10/24/2022,20499,20448
10/25/2022,21749,21451
10/26/2022,22191,22142
10/27/2022,24809,24810
10/28/2022,22815,22789
10/29/2022,18680,18085
10/30/2022,16817,15553
10/31/2022,21262,21484
11/01/2022,21575,20974
11/02/2022,22676,22605
11/03/2022,21890,21797
11/04/2022,22056,22007
11/05/2022,19577,19057
11/06/2022,41547,17399
11/07/2022,21968,22034
11/08/2022,19283,19024
11/09/2022,20267,19844
11/10/2022,21378,21515
11/11/2022,16208,15490
11/12/2022,19408,19381
11/13/2022,12373,11545
11/14/2022,19577,19539
11/15/2022,18792,18531
11/16/2022,18226,18306
11/17/2022,19571,19524
11/18/2022,19578,19441
11/19/2022,14992,14799
11/20/2022,11261,10424
11/21/2022,19783,19789
11/22/2022,21229,21039
11/23/2022,22304,21868
11/24/2022,16705,19203
11/25/2022,16177,16812
11/26/2022,20179,20230
11/27/2022,9961,9457
11/28/2022,19718,19754
11/29/2022,19202,19374
11/30/2022,17388,16987
12/01/2022,20813,21017
12/02/2022,21964,21965
12/03/2022,13993,13848
12/04/2022,16848,15853
12/05/2022,22902,22704
12/06/2022,19539,19357
12/07/2022,18840,19058
12/08/2022,21866,22584
12/09/2022,22019,22199
12/10/2022,19155,19004
12/11/2022,11495,10616
12/12/2022,19700,19711
12/13/2022,19914,19764
12/14/2022,19254,18966
12/15/2022,17649,17538
12/16/2022,15906,16048
12/17/2022,18736,18532
12/18/2022,13874,13542
12/19/2022,21393,21203
12/20/2022,21829,21368
12/21/2022,21654,21510
12/22/2022,17660,17524
12/23/2022,14018,13410
12/24/2022,8999,8449
12/25/2022,12278,11925
12/26/2022,17658,17618
12/27/2022,23286,23334
12/28/2022,27081,26789
12/29/2022,28374,28111
12/30/2022,29390,29326
12/31/2022,10931,11407
01/01/2023,23255,21143
01/02/2023,20255,20200
01/03/2023,17893,17809
01/04/2023,20949,20671
01/05/2023,19707,19571
01/06/2023,18323,18568
01/07/2023,15051,14824
01/08/2023,12477,11661
01/09/2023,16933,16840
01/10/2023,17503,17562
01/11/2023,17841,17588
01/12/2023,16802,16771
01/13/2023,17241,17477
01/14/2023,12926,12802
01/15/2023,12148,11488
01/16/2023,13631,13368
01/17/2023,17247,17372
01/18/2023,18206,18145
01/19/2023,15661,15518
01/20/2023,18092,18343
01/21/2023,13920,13786
01/22/2023,10763,10152
01/23/2023,15112,15151
01/24/2023,18195,18311
01/25/2023,16362,15942
01/26/2023,17631,17721
01/27/2023,18149,18446
01/28/2023,14930,14778
01/29/2023,11882,11207
01/30/2023,18273,18402
01/31/2023,21541,20942
02/01/2023,17988,18032
02/02/2023,18122,18107
02/03/2023,15576,15505
02/04/2023,19441,8879
02/05/2023,18771,10820
02/06/2023,18659,18586
02/07/2023,18778,18624
02/08/2023,19312,19277
02/09/2023,18355,18363
02/10/2023,19756,20130
02/11/2023,16113,15840
02/12/2023,12560,11557
02/13/2023,18800,18855
02/14/2023,20576,20655
02/15/2023,20497,19962
02/16/2023,18673,18521
02/17/2023,17307,17360
02/18/2023,17542,17491
02/19/2023,16581,15732
02/20/2023,18806,18582
02/21/2023,19224,19283
02/22/2023,18995,18761
02/23/2023,20310,20353
02/24/2023,19988,20339
02/25/2023,12846,12573
02/26/2023,13551,12907
02/27/2023,19168,18677
02/28/2023,15964,15965
03/01/2023,20340,20507
03/02/2023,19210,19240
03/03/2023,19044,19005
03/04/2023,13758,13911
03/05/2023,15370,14413
03/06/2023,19929,19938
03/07/2023,19314,18960
03/08/2023,19358,19350
03/09/2023,20139,20186
03/10/2023,19176,19186
03/11/2023,13879,13733
03/12/2023,15898,15013
03/13/2023,18018,17755
03/14/2023,17620,17397
03/15/2023,22383,21935
03/16/2023,24804,24591
03/17/2023,22135,22480
03/18/2023,22135,18497
03/19/2023,20768,12537
03/20/2023,20768,20803
03/21/2023,21651,21666
03/22/2023,20728,20467
03/23/2023,19575,19561
03/24/2023,21283,21885
03/25/2023,11460,11321
03/26/2023,19726,19363
03/27/2023,20207,20011
03/28/2023,20332,20310
03/29/2023,21971,21873
03/30/2023,20890,20931
03/31/2023,21066,21446
04/01/2023,14984,14738
04/02/2023,17420,16594
04/03/2023,24413,24035
04/04/2023,26228,25811
04/05/2023,21125,20741
04/06/2023,25159,24909
04/07/2023,25661,25730
04/08/2023,24386,24384
04/09/2023,20852,19910
04/10/2023,26375,26378
04/11/2023,25113,24932
04/12/2023,26124,26441
04/13/2023,26441,26206
04/14/2023,25545,26341
04/15/2023,17076,16781
04/16/2023,16283,15351
04/17/2023,19463,19587
04/18/2023,19843,20024
04/19/2023,22701,23106
04/20/2023,23548,23715
04/21/2023,24753,24999
04/22/2023,19918,19866
04/23/2023,16021,15690
04/24/2023,23647,23666
04/25/2023,23602,23662
04/26/2023,22905,22585
04/27/2023,22720,22849
04/28/2023,23537,23764
04/29/2023,12068,12101
04/30/2023,10674,10263
05/01/2023,25790,25854
05/02/2023,21439,21628
05/03/2023,22585,22468
05/04/2023,21848,21809
05/05/2023,23004,23681
05/06/2023,22817,23220
05/07/2023,18938,45048
05/08/2023,33063,23113
05/09/2023,21360,21458
05/10/2023,22640,22392
05/11/2023,23206,23504
05/12/2023,23677,24302
05/13/2023,19832,19469
05/14/2023,18471,17440
05/15/2023,22579,22565
05/16/2023,23514,23747
05/17/2023,22088,22201
05/18/2023,23406,22974
05/19/2023,24763,25731
05/20/2023,13463,13255
05/21/2023,21971,21731
05/22/2023,24027,23869
05/23/2023,22514,22441
05/24/2023,22968,23209
05/25/2023,21217,21664
05/26/2023,21787,22450
05/27/2023,25775,25275
05/28/2023,25884,24987
05/29/2023,23356,22550
05/30/2023,23118,23006
05/31/2023,23296,23169
06/01/2023,23369,23114
06/02/2023,23922,23909
06/03/2023,18129,18273
06/04/2023,18468,17523
06/05/2023,24791,23616
06/06/2023,22488,22375
06/07/2023,20424,20341
06/08/2023,19239,18990
06/09/2023,22116,22510
06/10/2023,21337,21963
06/11/2023,18711,19741
06/12/2023,21097,20739
06/13/2023,24127,23899
06/14/2023,21359,21326
06/15/2023,25034,24716
06/16/2023,21224,21079
06/17/2023,22325,21661
06/18/2023,21485,20365
06/19/2023,22542,22249
06/20/2023,23744,23625
06/21/2023,23853,23557
06/22/2023,21064,20788
06/23/2023,21736,21778
06/24/2023,20301,20033
06/25/2023,21005,20243
06/26/2023,23016,22381
06/27/2023,23198,23055
06/28/2023,24312,23998
06/29/2023,25573,25424
06/30/2023,24730,24477
07/01/2023,25792,25263
07/02/2023,21890,21150
07/03/2023,28763,28332
07/04/2023,17653,17304
07/05/2023,26768,26004
07/06/2023,27695,27264
07/07/2023,26689,26894
07/08/2023,24333,23558
07/09/2023,18756,17617
07/10/2023,25082,25151
07/11/2023,27469,26539
07/12/2023,26188,26110
07/13/2023,26464,26235
07/14/2023,24819,24525
07/15/2023,24311,23944
07/16/2023,13968,13103
07/17/2023,28348,28246
07/18/2023,23762,23546
07/19/2023,25037,24954
07/20/2023,28299,27832
07/21/2023,25387,25134
07/22/2023,27762,27055
07/23/2023,24895,23684
07/24/2023,27352,26882
07/25/2023,24759,24502
07/26/2023,27758,27215
07/27/2023,26221,25210
07/28/2023,26537,26093
07/29/2023,23727,23147
07/30/2023,24215,23152
07/31/2023,26632,26146
08/01/2023,26292,26135
08/02/2023,27110,26707
08/03/2023,26978,27127
08/04/2023,23917,24265
08/05/2023,28462,28462
08/06/2023,25199,25199
08/07/2023,23144,22793
08/08/2023,26306,26251
08/09/2023,27489,28100
08/10/2023,21764,21131
08/11/2023,29105,29408
08/12/2023,25207,24784
08/13/2023,23751,22926
08/14/2023,26757,26463
08/15/2023,24570,23900
08/16/2023,26304,25976
08/17/2023,26499,25762
08/18/2023,26304,25976
08/19/2023,26499,25762
08/20/2023,25728,25701
08/21/2023,25982,25497
08/22/2023,26020,25581
08/23/2023,26481,26100
08/24/2023,22741,21812
08/25/2023,21435,20781
08/26/2023,25649,24697
08/27/2023,22742,21129
08/28/2023,24840,23945
08/29/2023,23292,22529
08/30/2023,23470,22994
08/31/2023,24785,23939
09/01/2023,25653,25032
09/02/2023,26557,25558
09/03/2023,25495,24077
09/04/2023,21796,20161
09/05/2023,23690,22885
09/06/2023,23646,23079
09/07/2023,23710,23248
09/08/2023,22650,22117
09/09/2023,19870,19452
09/10/2023,15247,13965
09/11/2023,24359,23742
09/12/2023,26054,25506
09/13/2023,22736,21914
09/14/2023,25420,25198
09/15/2023,24749,24793
09/16/2023,23513,23500
09/17/2023,21121,19784
09/18/2023,19213,18660
09/19/2023,26783,26401
09/20/2023,25741,26086
09/21/2023,26617,25705
09/22/2023,26453,26359
09/23/2023,13103,11715
09/24/2023,13601,11962
09/25/2023,17731,16286
09/26/2023,21498,19440
09/27/2023,27127,25156
09/28/2023,24102,22623
09/29/2023,14345,12967
09/30/2023,16998,17234
10/01/2023,22492,20987
10/02/2023,28041,27308
10/03/2023,28048,27276
10/04/2023,27402,26767
10/05/2023,27584,26844
10/06/2023,23064,22858
10/07/2023,15535,15195
10/08/2023,31063,29780
10/09/2023,24153,23203
10/10/2023,24697,24223
10/11/2023,25782,25190
10/12/2023,25789,25428
10/13/2023,25033,24622
10/14/2023,13178,12498
10/15/2023,18883,17849
10/16/2023,25114,24566
10/17/2023,23804,20962
10/18/2023,24350,24085
10/19/2023,26068,25781
10/20/2023,19627,19464
10/21/2023,26529,26117
10/22/2023,19665,18507
10/23/2023,26529,26117
10/24/2023,25682,25138
10/25/2023,24740,24438
10/26/2023,26729,26070
10/27/2023,26392,26119
10/28/2023,26381,25515
10/29/2023,13220,11988
10/30/2023,22736,22359
10/31/2023,25089,25040
11/01/2023,23486,22354
11/02/2023,24717,24235
11/03/2023,24218,23741
11/04/2023,20115,19452
11/05/2023,42570,19163
11/06/2023,22860,22539
11/07/2023,21585,21326
11/08/2023,21966,21632
11/09/2023,22858,22605
11/10/2023,20613,20637
11/11/2023,20303,20031
11/12/2023,15492,14470
11/13/2023,20754,20532
11/14/2023,20689,20658
11/15/2023,20929,21087
11/16/2023,21949,21758
11/17/2023,22248,22257
11/18/2023,18366,17423
11/19/2023,16857,15620
11/20/2023,23048,23009
11/21/2023,20759,20379
11/22/2023,21792,21305
11/23/2023,19829,17808
11/24/2023,22320,22421
11/25/2023,20034,20151
11/26/2023,13421,12840
11/27/2023,22164,22111
11/28/2023,20567,20975
11/29/2023,21168,21300
11/30/2023,22589,23021
12/01/2023,21506,21254
12/02/2023,26491,22778
12/03/2023,11532,10280
12/04/2023,25333,24884
12/05/2023,23408,23005
12/06/2023,22864,22650
12/07/2023,21634,21612
12/08/2023,24937,25037
12/09/2023,25411,24982
12/10/2023,11905,10779
12/11/2023,20531,20348
12/12/2023,22414,22021
12/13/2023,21779,21502
12/14/2023,21081,20925
12/15/2023,23039,23080
12/16/2023,22799,22535
12/17/2023,11688,10299
12/18/2023,17826,17141
12/19/2023,23851,23016
12/20/2023,23008,23070
12/21/2023,22263,22336
12/22/2023,22077,22190
12/23/2023,20360,19875
12/24/2023,18446,17017
12/25/2023,21231,20751
12/26/2023,28264,27585
12/27/2023,25464,24943
12/28/2023,26079,25377
12/29/2023,26079,34762
12/30/2023,27094,26793
12/31/2023,19191,19942
01/01/2024,22363,20214
01/02/2024,25841,25939
01/03/2024,24667,24530
01/04/2024,18240,20108
01/05/2024,21819,21962
01/06/2024,12961,12256
01/07/2024,9356,9147
01/08/2024,20229,20231
01/09/2024,16531,15604
01/10/2024,18460,17911
01/11/2024,19606,19406
01/12/2024,19182,19317
01/13/2024,14788,14012
01/14/2024,12425,11548
01/15/2024,12720,12424
01/16/2024,14178,13631
01/17/2024,17609,18329
01/18/2024,17715,18309
01/19/2024,14082,14867
01/20/2024,11070,10836
01/21/2024,10045,9545
01/22/2024,17799,17255
01/23/2024,15089,16838
01/24/2024,16136,12845
01/25/2024,18333,18470
01/26/2024,18208,18271
01/27/2024,16311,16122
01/28/2024,9334,8464
01/29/2024,18885,19605
01/30/2024,19703,19394
01/31/2024,19221,19154
02/01/2024,19509,19557
02/02/2024,17917,17935
02/03/2024,16790,16548
02/04/2024,13781,13111
02/05/2024,20084,19986
02/06/2024,20114,19989
02/07/2024,20309,20006
02/08/2024,20277,20305
02/09/2024,20650,20765
02/10/2024,18279,18005
02/11/2024,14928,17951
02/12/2024,21443,20893
02/13/2024,11153,10883
02/14/2024,17527,19069
02/15/2024,21030,20442
02/16/2024,20947,20839
02/17/2024,14182,13903
02/18/2024,15150,14086
02/19/2024,18337,17797
02/20/2024,21829,21654
02/21/2024,22229,21976
02/22/2024,21530,21275
02/23/2024,18951,18838
02/24/2024,17981,17956
02/25/2024,15135,14103
02/26/2024,20375,20394
02/27/2024,20688,20368
02/28/2024,18940,18552
02/29/2024,21055,20894
03/01/2024,22071,21842
03/02/2024,11531,11096
03/03/2024,21188,20628
03/04/2024,22891,22515
03/05/2024,18441,18353
03/06/2024,20333,19610
03/07/2024,21615,21251
03/08/2024,25025,25452
03/09/2024,13664,13087
03/10/2024,14728,14056
03/11/2024,21490,21128
03/12/2024,25322,24866
03/13/2024,23968,23526
03/14/2024,24864,24755
03/15/2024,23166,23094
03/16/2024,21403,20866
03/17/2024,17552,16416
03/18/2024,21232,21030
03/19/2024,20898,20657
03/20/2024,21374,20845
03/21/2024,21317,21067
03/22/2024,22861,22745
03/23/2024,9942,9656
03/24/2024,19748,19005
03/25/2024,27349,26849
03/26/2024,26316,25830
03/27/2024,24969,24108
03/28/2024,20344,20204
03/29/2024,32050,30739
03/30/2024,28428,27561
03/31/2024,22909,21660
04/01/2024,23761,23413
04/02/2024,20226,19804
04/03/2024,18089,17876
04/04/2024,25561,25229
04/05/2024,25589,25398
04/06/2024,20714,20430
04/07/2024,18055,16796
04/08/2024,22198,22169
04/09/2024,25225,24783
04/10/2024,22716,22547
04/11/2024,21213,21204
04/12/2024,20866,21046
04/13/2024,18307,18263
04/14/2024,21158,20003
04/15/2024,26584,26173
04/16/2024,24884,24608
04/17/2024,21890,21679
04/18/2024,19780,20232
04/19/2024,23513,23903
04/20/2024,22481,22746
04/21/2024,17218,16184
04/22/2024,25510,25015
04/23/2024,24613,24229
04/24/2024,23880,23889
04/25/2024,26445,26084
04/26/2024,25781,25861
04/27/2024,21529,21000
04/28/2024,22279,20922
04/29/2024,26679,25941
04/30/2024,23004,22174
05/01/2024,24712,24185
05/02/2024,24350,24303
05/03/2024,25152,25130
05/04/2024,22919,21702
05/05/2024,13754,35149
05/06/2024,24645,24453
05/07/2024,28776,27889
05/08/2024,24944,24569
05/09/2024,24527,24005
05/10/2024,21031,21250
05/11/2024,24925,24828
05/12/2024,14994,13963
05/13/2024,25048,24533
05/14/2024,24538,23912
05/15/2024,21763,20564
05/16/2024,23448,22618
05/17/2024,26192,26251
05/18/2024,22344,21964
05/19/2024,22905,22383
05/20/2024,25960,25231
05/21/2024,25529,25009
05/22/2024,26564,25851
05/23/2024,23446,22725
05/24/2024,28282,28041
05/25/2024,28021,26960
05/26/2024,28554,27155
05/27/2024,15502,14534
05/28/2024,26767,26318
05/29/2024,24882,24239
05/30/2024,25086,24468
05/31/2024,26016,25718
06/01/2024,23620,22730
06/02/2024,20367,19082
06/03/2024,24380,23936
06/04/2024,24655,24223
06/05/2024,24358,24015
06/06/2024,22776,22159
06/07/2024,26284,26074
06/08/2024,25403,24640
06/09/2024,20109,18784
06/10/2024,25637,24980
06/11/2024,24347,24211
06/12/2024,25138,25197
06/13/2024,25985,25674
06/14/2024,24183,23949
06/15/2024,24253,24227
06/16/2024,21466,20408
06/17/2024,26097,25687
06/18/2024,25746,25472
06/19/2024,23542,23193
06/20/2024,25097,24930
06/21/2024,25566,25429
06/22/2024,22697,22280
06/23/2024,20259,19501
06/24/2024,26028,25718
06/25/2024,26127,25755
06/26/2024,25662,25215
06/27/2024,26063,25767
06/28/2024,28088,27746
06/29/2024,25016,23905
06/30/2024,19966,19296
07/01/2024,30158,29217
07/02/2024,28641,27941
07/03/2024,29336,28526
07/04/2024,24843,23947
07/05/2024,29066,28106
07/06/2024,28117,27059
07/07/2024,23367,22479
07/08/2024,27682,27230
07/09/2024,25866,25499
07/10/2024,26460,26034
07/11/2024,27553,26998
07/12/2024,25274,24909
07/13/2024,24192,23586
07/14/2024,22222,20988
07/15/2024,26820,26291
07/16/2024,25431,24957
07/17/2024,25722,25134
07/18/2024,27880,27400
07/19/2024,28382,28218
07/20/2024,27037,26064
07/21/2024,24517,23263
07/22/2024,27333,26653
07/23/2024,27295,26618
07/24/2024,27186,26832
07/25/2024,27946,27424
07/26/2024,29482,27887
07/27/2024,28380,27150
07/28/2024,23925,22894
07/29/2024,26942,25904
07/30/2024,26902,26442
07/31/2024,26388,25772
08/01/2024,27270,26912
08/02/2024,26883,26254
08/03/2024,25227,24370
08/04/2024,20282,19541
08/05/2024,30656,30016
08/06/2024,25442,24514
08/07/2024,22474,22102
08/08/2024,22129,21835
08/09/2024,21984,21756
08/10/2024,32160,31302
08/11/2024,26651,25027
08/12/2024,28382,27957
08/13/2024,28540,27686
08/14/2024,28540,28299
08/15/2024,27934,27230
08/16/2024,27832,27601
08/17/2024,24881,27832
08/18/2024,19096,17946
08/19/2024,26451,26112
08/20/2024,26932,26510
08/21/2024,27024,26618
08/22/2024,27108,26753
08/23/2024,27788,27788
08/24/2024,26415,25381
08/25/2024,23057,21850
08/26/2024,25204,24295
08/27/2024,26074,25143
08/28/2024,25421,24700
08/29/2024,25091,25040
11/14/2024,21612,21761
11/21/2024,18383,18141
11/27/2024,26027,25896
11/24/2024,17697,16773
11/03/2024,47602,20055
11/08/2024,23939,24186
11/19/2024,22151,22408
10/31/2024,25027,25996
11/28/2024,13827,12060
11/23/2024,19534,19353
11/05/2024,22040,21945
11/06/2024,23376,23206
11/25/2024,26592,26194
11/20/2024,22333,22099
11/04/2024,23517,23585
11/18/2024,22984,22851
11/01/2024,25468,24637
11/13/2024,22189,22234
11/12/2024,22304,21772
11/22/2024,18927,19099
11/09/2024,22106,21697
11/17/2024,17798,16515
11/16/2024,21079,20730
11/02/2024,22653,21794
11/26/2024,23380,23167
11/11/2024,21728,21357
11/10/2024,17355,16217
11/07/2024,23924,23710
11/15/2024,22792,23263
12/24/2024,20027,19072
12/18/2024,23115,22832
12/02/2024,22226,23118
12/11/2024,19123,18750
12/27/2024,34610,34591
12/12/2024,23620,23627
12/14/2024,21891,21768
12/09/2024,22118,22225
12/05/2024,21913,22003
12/30/2024,35205,34850
12/15/2024,17113,16330
12/22/2024,16578,15778
12/10/2024,21977,21976
12/28/2024,19935,19464
12/23/2024,23906,23810
12/04/2024,23146,23083
11/29/2024,23153,23744
12/07/2024,22425,22881
12/13/2024,23583,23636
12/26/2024,,
09/11/2024,26791,27338
09/07/2024,18785,20923
09/14/2024,24726,24091
09/13/2024,25728,26094
09/28/2024,17386,16941
09/12/2024,25283,25147
08/30/2024,25796,25487
09/08/2024,20923,19642
09/01/2024,24244,23140
09/02/2024,24874,23985
09/25/2024,23852,23910
09/05/2024,24522,24143
09/15/2024,22162,21033
09/22/2024,21401,20010
09/06/2024,24194,24439
09/26/2024,22749,22754
09/16/2024,25628,25433
09/27/2024,25866,26139
09/19/2024,25591,25423
09/09/2024,25355,25144
09/24/2024,24853,24644
09/23/2024,23389,23052
09/21/2024,24770,24434
09/03/2024,25113,24726
08/31/2024,26515,25822
09/29/2024,16649,15074
09/20/2024,25779,26031
09/10/2024,25707,25339
09/18/2024,24153,23853
09/17/2024,25102,24972
09/04/2024,25007,24395
10/19/2024,24970,24691
10/10/2024,25189,25055
10/12/2024,27766,27476
10/17/2024,24784,24873
10/15/2024,24608,24791
10/08/2024,25101,24792
10/21/2024,28202,28046
10/06/2024,21645,20335
10/07/2024,24330,24358
10/25/2024,26066,26247
10/09/2024,25189,25055
10/23/2024,25807,25802
10/18/2024,26202,26049
10/13/2024,31563,30155
10/01/2024,24014,23990
10/16/2024,25347,25441
10/14/2024,22864,22292
10/27/2024,23476,23244
10/26/2024,23561,23324
10/28/2024,26521,27188
10/29/2024,25426,25510
10/22/2024,27631,27529
10/20/2024,23083,21758
10/30/2024,26372,26041
10/24/2024,26226,25822
10/04/2024,26408,26419
10/02/2024,24778,24680
10/05/2024,25263,25076
10/03/2024,25265,25353
09/30/2024,26763,26594
10/11/2024,26318,26756
11/30/2024,21402,21240
12/20/2024,20966,21158
12/25/2024,20155,19602
12/06/2024,24200,24358
12/01/2024,15008,14510
12/08/2024,19304,18293
12/29/2024,27308,26518
12/16/2024,18914,18915
12/17/2024,25314,25287
12/21/2024,19026,18573
12/19/2024,23478,23662
12/03/2024,22525,22383
01/10/2025,19380,19648
01/18/2025,15247,14786
01/09/2025,18556,18451
01/15/2025,19078,18970
01/03/2025,25196,25223
12/31/2024,25477,26037
01/12/2025,13110,12370
01/04/2025,18519,17916
01/11/2025,13848,13452
01/13/2025,18504,18606
01/27/2025,19440,18473
01/21/2025,16285,16379
01/17/2025,19770,19926
01/05/2025,14348,13688
01/20/2025,11861,11842
01/01/2025,19819,18213
01/08/2025,19383,19178
01/23/2025,18217,18224
01/22/2025,17073,17095
01/02/2025,26592,26687
01/19/2025,11280,10533
01/07/2025,19237,19193
01/24/2025,18626,19941
01/26/2025,12497,11547
01/16/2025,18249,17377
01/14/2025,18766,18850
01/29/2025,19076,18941
01/06/2025,17144,17216
01/25/2025,14598,13137
02/20/2025,19586,19529
02/05/2025,20333,20074
02/03/2025,20277,20329
02/19/2025,21313,21126
02/01/2025,15502,15617
02/13/2025,18664,18527
02/25/2025,21142,20941
01/28/2025,19620,18592
02/22/2025,17155,16972
02/14/2025,21876,22192
02/02/2025,12081,11236
02/11/2025,19321,19304
02/08/2025,14265,14124
02/06/2025,16639,16525
02/09/2025,10653,9747
02/04/2025,21003,20936
02/21/2025,19999,20157
01/30/2025,19687,19744
02/23/2025,14030,13298
02/15/2025,14275,13745
02/17/2025,17663,17462
02/16/2025,10198,9701
02/10/2025,20291,20378
01/31/2025,17049,17132
02/12/2025,17076,17120
02/18/2025,21494,21514
02/24/2025,20440,20417
02/07/2025,21383,21599
03/18/2025,25694,25364
02/27/2025,19753,19721
03/06/2025,21445,21264
03/16/2025,14991,13992
03/05/2025,19184,18714
03/01/2025,18827,18280
03/20/2025,20906,21006
03/02/2025,14217,13559
03/25/2025,24769,24820
02/26/2025,22408,22385
03/27/2025,24127,24057
03/29/2025,24408,24995
03/10/2025,23728,23952
02/28/2025,21391,21561
03/04/2025,22411,22497
03/08/2025,17919,17841
03/03/2025,21619,21515
03/30/2025,15343,14430
03/14/2025,22809,23027
03/17/2025,19584,19719
03/13/2025,21842,21830
03/26/2025,22581,22656
03/21/2025,22921,23212
03/15/2025,18720,18678
03/22/2025,21426,21034
03/23/2025,17479,16632
03/12/2025,22443,22316
03/24/2025,17973,18156
03/11/2025,23738,23467
03/09/2025,15297,14383
03/19/2025,25478,25274
03/07/2025,21364,21364
04/01/2025,22888,22800
04/03/2025,22315,22609
04/09/2025,25040,25103
04/14/2025,31936,31580
04/08/2025,23678,23459
04/15/2025,30677,30889
04/10/2025,23180,23635
04/23/2025,26859,26818
04/11/2025,20581,20765
04/29/2025,25678,25448
04/12/2025,14542,15235
04/28/2025,26966,26735
04/07/2025,19807,19779
04/04/2025,24497,24818
03/28/2025,23340,23678
04/18/2025,32008,31490
04/27/2025,17054,15778
04/13/2025,21581,20852
03/31/2025,21258,21139
04/06/2025,16122,15496
04/26/2025,18221,18171
04/24/2025,27534,27501
04/20/2025,21663,20303
04/21/2025,23543,23466
04/17/2025,35904,35802
04/05/2025,17528,17317
04/16/2025,25867,26200
04/19/2025,29847,30056
04/30/2025,25248,25126
04/02/2025,22462,22420
04/22/2025,27243,26759
04/25/2025,27956,27615
05/20/2025,26000,25742
05/12/2025,25240,25142
05/28/2025,22938,22438
05/07/2025,27697,27569
05/13/2025,22803,22606
05/06/2025,20823,20753
05/25/2025,26887,25767
05/19/2025,25820,25464
05/03/2025,24738,25215
05/08/2025,25388,24950
05/05/2025,20343,20151
05/14/2025,19521,19614
05/02/2025,27747,28272
05/26/2025,27980,26939
05/04/2025,17000,37466
05/27/2025,27139,26723
05/01/2025,26780,26331
05/17/2025,26067,26132
05/16/2025,23870,25034
05/29/2025,24813,24886
05/18/2025,22806,22166
05/11/2025,21545,20289
05/10/2025,24705,24918
05/24/2025,26604,26195
05/15/2025,25016,24198
05/09/2025,18977,18985
05/21/2025,21061,20824
06/10/2025,21095,21379
06/15/2025,16936,15977
09/27/2025,,
09/23/2025,,
06/16/2025,23392,23215
05/22/2025,20138,19661
09/26/2025,,
05/30/2025,26719,26627
09/11/2025,,
08/29/2025,,
06/09/2025,23198,22384
06/26/2025,24591,23984
06/02/2025,24870,24658
06/06/2025,25754,25610
09/12/2025,,
09/13/2025,,
09/28/2025,,
05/23/2025,22894,24055
06/22/2025,18160,17655
06/25/2025,23643,23404
08/30/2025,,
06/20/2025,29220,29495
09/18/2025,,
09/14/2025,,
06/07/2025,19577,19272
06/13/2025,26743,26625
09/03/2025,,
09/05/2025,,
06/01/2025,19666,18460
06/03/2025,24988,24074
09/29/2025,,
06/18/2025,26286,25911
09/08/2025,,
09/15/2025,,
09/24/2025,,
06/05/2025,25240,25130
09/02/2025,,
06/11/2025,28253,27666
09/16/2025,,
09/21/2025,,
06/12/2025,26771,26489
06/17/2025,23442,23344
06/19/2025,23378,24029
09/17/2025,,
09/19/2025,,
09/22/2025,,
09/09/2025,,
09/30/2025,,
06/14/2025,16482,15494
06/08/2025,21950,21090
06/04/2025,25493,25297
09/20/2025,,
08/31/2025,,
09/07/2025,,
09/10/2025,,
06/21/2025,26862,25575
06/24/2025,22239,21850
09/06/2025,,
09/04/2025,,
09/01/2025,,
06/23/2025,24017,23805
09/25/2025,,
05/31/2025,19378,18806
07/09/2025,26828,26806
07/03/2025,27881,27135
07/27/2025,21804,21018
06/27/2025,25036,25053
07/21/2025,28123,27236
07/24/2025,29061,28698
07/10/2025,26844,26260
07/26/2025,30264,29037
07/15/2025,27025,26815
07/01/2025,24869,24308
07/29/2025,27396,26908
07/12/2025,27664,26878
07/08/2025,24634,24656
07/28/2025,28820,28155
07/20/2025,23464,22441
07/05/2025,29430,28384
07/11/2025,28046,27974
07/17/2025,26998,26770
07/30/2025,27783,27412
07/16/2025,27610,27134
07/13/2025,23412,22243
07/22/2025,29035,28251
06/28/2025,23782,23289
06/30/2025,27479,26309
07/06/2025,23881,23088
07/18/2025,28650,28370
07/14/2025,24789,24412
07/07/2025,25099,25035
07/19/2025,28588,27500
07/04/2025,24599,23481
07/02/2025,27601,26588
06/29/2025,23847,23395
08/15/2025,28988,28822
08/25/2025,25794,25622
08/07/2025,29918,29420
08/16/2025,26949,26080
08/08/2025,29529,29148
08/11/2025,29035,28593
08/04/2025,28677,27983
07/23/2025,28649,28004
08/05/2025,28634,27910
08/19/2025,28428,27957
08/18/2025,26323,26075
08/23/2025,28146,27062
08/26/2025,26193,25463
08/01/2025,25752,25975
08/02/2025,24492,29768
08/13/2025,26748,26010
08/03/2025,31019,25607
07/31/2025,22918,21830
08/06/2025,27778,27005
08/10/2025,26107,24552
08/22/2025,30658,30561
08/20/2025,21436,20882
08/28/2025,25994,25763
08/27/2025,27167,26528
08/24/2025,23698,22329
08/09/2025,29532,28720
08/17/2025,22157,21006
08/12/2025,27860,27236
08/14/2025,27496,26614
07/25/2025,26932,26626
08/21/2025,24149,23804
